season,league,matchday_no,date,time,home,away,score,matchday_path,source
2015/2016,Bezirksliga 2 - Ost,1,20.09.2015,15:00,BSC Göppingen 2,Tübinger BC,5:3,/cms_leagues/matchday/219908,bvbw.billardarea.de_80_cms_leagues_plan_3942_5811.html
2015/2016,Bezirksliga 2 - Ost,2,27.09.2015,12:30,Tübinger BC,SBSC Denkendorf,5:3,/cms_leagues/matchday/219912,bvbw.billardarea.de_80_cms_leagues_plan_3942_5811.html
2015/2016,Bezirksliga 2 - Ost,3,25.10.2015,12:30,BSV Pfullingen 3,Tübinger BC,4:4,/cms_leagues/matchday/219916,bvbw.billardarea.de_80_cms_leagues_plan_3942_5811.html
2015/2016,Bezirksliga 2 - Ost,4,01.11.2015,12:30,Tübinger BC,BSV Nürtingen 2,6:2,/cms_leagues/matchday/219918,bvbw.billardarea.de_80_cms_leagues_plan_3942_5811.html
2015/2016,Bezirksliga 2 - Ost,5,29.11.2015,12:30,Tübinger BC,BSV Nürtingen 3,3:5,/cms_leagues/matchday/219923,bvbw.billardarea.de_80_cms_leagues_plan_3942_5811.html
2015/2016,Bezirksliga 2 - Ost,6,13.12.2015,14:00,PBC Kirchheim/Teck 2,Tübinger BC,2:6,/cms_leagues/matchday/219928,bvbw.billardarea.de_80_cms_leagues_plan_3942_5811.html
2015/2016,Bezirksliga 2 - Ost,7,17.01.2016,12:30,BSV Filderstadt 4,Tübinger BC,1:7,/cms_leagues/matchday/219933,bvbw.billardarea.de_80_cms_leagues_plan_3942_5811.html
2015/2016,Bezirksliga 2 - Ost,8,14.02.2016,12:30,Tübinger BC,BSC Göppingen 2,7:1,/cms_leagues/matchday/219936,bvbw.billardarea.de_80_cms_leagues_plan_3942_5811.html
2015/2016,Bezirksliga 2 - Ost,9,21.02.2016,12:30,SBSC Denkendorf,Tübinger BC,6:2,/cms_leagues/matchday/219940,bvbw.billardarea.de_80_cms_leagues_plan_3942_5811.html
2015/2016,Bezirksliga 2 - Ost,10,26.03.2016,12:30,Tübinger BC,BSV Pfullingen 3,5:3,/cms_leagues/matchday/219944,bvbw.billardarea.de_80_cms_leagues_plan_3942_5811.html
2015/2016,Bezirksliga 2 - Ost,11,20.03.2016,12:30,BSV Nürtingen 2,Tübinger BC,3:5,/cms_leagues/matchday/219946,bvbw.billardarea.de_80_cms_leagues_plan_3942_5811.html
2015/2016,Bezirksliga 2 - Ost,12,10.04.2016,12:30,BSV Nürtingen 3,Tübinger BC,3:5,/cms_leagues/matchday/219951,bvbw.billardarea.de_80_cms_leagues_plan_3942_5811.html
2015/2016,Bezirksliga 2 - Ost,13,24.04.2016,12:30,Tübinger BC,PBC Kirchheim/Teck 2,3:5,/cms_leagues/matchday/219956,bvbw.billardarea.de_80_cms_leagues_plan_3942_5811.html
2015/2016,Bezirksliga 2 - Ost,14,08.05.2016,12:30,Tübinger BC,BSV Filderstadt 4,6:2,/cms_leagues/matchday/219961,bvbw.billardarea.de_80_cms_leagues_plan_3942_5811.html
2017/2018,Kreisliga A Ost - Staffel 1,2,15.10.2017,10:00,PBC Reutlingen 2,Tübinger BC 2,10:00,/cms_leagues/matchday/274573,bvbw.billardarea.de_cms_leagues_plan_5182_7112.html
2017/2018,Kreisliga A Ost - Staffel 1,3,26.11.2017,12:30,BSV Pfullingen 3,Tübinger BC 2,5:3,/cms_leagues/matchday/274576,bvbw.billardarea.de_cms_leagues_plan_5182_7112.html
2017/2018,Kreisliga A Ost - Staffel 1,4,17.12.2017,12:30,Tübinger BC 2,BSV Filderstadt 6,3:5,/cms_leagues/matchday/274579,bvbw.billardarea.de_cms_leagues_plan_5182_7112.html
2017/2018,Kreisliga A Ost - Staffel 1,5,14.01.2018,11:00,BSV Filderstadt 8,Tübinger BC 2,5:3,/cms_leagues/matchday/274582,bvbw.billardarea.de_cms_leagues_plan_5182_7112.html
2017/2018,Kreisliga A Ost - Staffel 1,6,21.01.2018,12:30,Tübinger BC 2,BSC Göppingen 4,7:1,/cms_leagues/matchday/274583,bvbw.billardarea.de_cms_leagues_plan_5182_7112.html
2017/2018,Kreisliga A Ost - Staffel 1,7,04.02.2018,12:30,Tübinger BC 2,BBC Plochingen 3,7:1,/cms_leagues/matchday/274586,bvbw.billardarea.de_cms_leagues_plan_5182_7112.html
2017/2018,Kreisliga A Ost - Staffel 1,10,11.03.2018,12:30,Tübinger BC 2,PBC Reutlingen 2,1:7,/cms_leagues/matchday/274595,bvbw.billardarea.de_cms_leagues_plan_5182_7112.html
2017/2018,Kreisliga A Ost - Staffel 1,11,25.03.2018,12:30,Tübinger BC 2,BSV Pfullingen 3,5:3,/cms_leagues/matchday/274597,bvbw.billardarea.de_cms_leagues_plan_5182_7112.html
2017/2018,Kreisliga A Ost - Staffel 1,12,15.04.2018,11:00,BSV Filderstadt 6,Tübinger BC 2,5:3,/cms_leagues/matchday/274600,bvbw.billardarea.de_cms_leagues_plan_5182_7112.html
2017/2018,Kreisliga A Ost - Staffel 1,13,29.04.2018,12:30,Tübinger BC 2,BSV Filderstadt 8,5:3,/cms_leagues/matchday/274603,bvbw.billardarea.de_cms_leagues_plan_5182_7112.html
2017/2018,Kreisliga A Ost - Staffel 1,14,13.05.2018,15:00,BSC Göppingen 4,Tübinger BC 2,0:8,/cms_leagues/matchday/274604#tabs-3,bvbw.billardarea.de_cms_leagues_plan_5182_7112.html
2017/2018,Kreisliga A Ost - Staffel 1,15,27.05.2018,14:00,BBC Plochingen 3,Tübinger BC 2,2:6,/cms_leagues/matchday/274607,bvbw.billardarea.de_cms_leagues_plan_5182_7112.html
2017/2018,Kreisliga A Ost - Staffel 2,1,17.09.2017,12:30,BSV Pfullingen 4,Tübinger BC 3,8:0,/cms_leagues/matchday/270863,bvbw.billardarea.de_cms_leagues_plan_5182_7113.html
2017/2018,Kreisliga A Ost - Staffel 2,2,15.10.2017,12:30,Tübinger BC 3,PBC Ochsenhausen 2,6:2,/cms_leagues/matchday/270867,bvbw.billardarea.de_cms_leagues_plan_5182_7113.html
2017/2018,Kreisliga A Ost - Staffel 2,3,26.11.2017,10:30,PBC Ochsenhausen 3,Tübinger BC 3,8:0,/cms_leagues/matchday/270870#tabs-2,bvbw.billardarea.de_cms_leagues_plan_5182_7113.html
2017/2018,Kreisliga A Ost - Staffel 2,4,17.12.2017,12:30,Tübinger BC 3,BF Bronnen 2,5:3,/cms_leagues/matchday/270873,bvbw.billardarea.de_cms_leagues_plan_5182_7113.html
2017/2018,Kreisliga A Ost - Staffel 2,5,14.01.2018,14:00,PBC Reutlingen 3,Tübinger BC 3,4:4,/cms_leagues/matchday/270876,bvbw.billardarea.de_cms_leagues_plan_5182_7113.html
2017/2018,Kreisliga A Ost - Staffel 2,7,04.02.2018,11:00,BSV Filderstadt 7,Tübinger BC 3,5:3,/cms_leagues/matchday/270881,bvbw.billardarea.de_cms_leagues_plan_5182_7113.html
2017/2018,Kreisliga A Ost - Staffel 2,9,25.02.2018,12:30,Tübinger BC 3,BSV Pfullingen 4,4:4,/cms_leagues/matchday/270885,bvbw.billardarea.de_cms_leagues_plan_5182_7113.html
2017/2018,Kreisliga A Ost - Staffel 2,10,11.03.2018,12:30,PBC Ochsenhausen 2,Tübinger BC 3,3:5,/cms_leagues/matchday/270889,bvbw.billardarea.de_cms_leagues_plan_5182_7113.html
2017/2018,Kreisliga A Ost - Staffel 2,11,25.03.2018,12:30,Tübinger BC 3,PBC Ochsenhausen 3,3:5,/cms_leagues/matchday/270892,bvbw.billardarea.de_cms_leagues_plan_5182_7113.html
2017/2018,Kreisliga A Ost - Staffel 2,12,15.04.2018,12:30,BF Bronnen 2,Tübinger BC 3,3:5,/cms_leagues/matchday/270894,bvbw.billardarea.de_cms_leagues_plan_5182_7113.html
2017/2018,Kreisliga A Ost - Staffel 2,13,29.04.2018,12:30,Tübinger BC 3,PBC Reutlingen 3,7:1,/cms_leagues/matchday/270897,bvbw.billardarea.de_cms_leagues_plan_5182_7113.html
2017/2018,Kreisliga A Ost - Staffel 2,15,27.05.2018,12:30,Tübinger BC 3,BSV Filderstadt 7,4:4,/cms_leagues/matchday/270902,bvbw.billardarea.de_cms_leagues_plan_5182_7113.html
2018/2019,Kreisliga Ost - Staffel 1,1,16.09.2018,12:30,Tübinger BC 3,Tübinger BC 2,4:4,/cms_leagues/matchday/302608,bvbw.billardarea.de_cms_leagues_plan_5839_7935.html
2018/2019,Kreisliga Ost - Staffel 1,2,30.09.2018,12:30,BSV Pfullingen 4,Tübinger BC 3,1:7,/cms_leagues/matchday/302611,bvbw.billardarea.de_cms_leagues_plan_5839_7935.html
2018/2019,Kreisliga Ost - Staffel 1,4,28.10.2018,12:30,Tübinger BC 2,BSV Filderstadt 5,0:8,/cms_leagues/matchday/302615#tabs-3,bvbw.billardarea.de_cms_leagues_plan_5839_7935.html
2018/2019,Kreisliga Ost - Staffel 1,5,18.11.2018,12:30,Tübinger BC 2,BSV Filderstadt 6,6:2,/cms_leagues/matchday/302618,bvbw.billardarea.de_cms_leagues_plan_5839_7935.html
2018/2019,Kreisliga Ost - Staffel 1,5,18.11.2018,14:00,BBC Plochingen 2,Tübinger BC 3,4:4,/cms_leagues/matchday/302620,bvbw.billardarea.de_cms_leagues_plan_5839_7935.html
2018/2019,Kreisliga Ost - Staffel 1,6,25.11.2018,12:30,Tübinger BC 3,BSV Filderstadt 5,7:1,/cms_leagues/matchday/302621,bvbw.billardarea.de_cms_leagues_plan_5839_7935.html
2018/2019,Kreisliga Ost - Staffel 1,6,25.11.2018,12:30,PBC Reutlingen 3,Tübinger BC 2,1:7,/cms_leagues/matchday/302623,bvbw.billardarea.de_cms_leagues_plan_5839_7935.html
2018/2019,Kreisliga Ost - Staffel 1,7,16.12.2018,10:00,BSV Filderstadt 7,Tübinger BC 2,10:00,/cms_leagues/matchday/302625,bvbw.billardarea.de_cms_leagues_plan_5839_7935.html
2018/2019,Kreisliga Ost - Staffel 1,7,16.12.2018,12:30,Tübinger BC 3,BSV Filderstadt 6,6:2,/cms_leagues/matchday/302626,bvbw.billardarea.de_cms_leagues_plan_5839_7935.html
2018/2019,Kreisliga Ost - Staffel 1,8,20.01.2019,12:30,Tübinger BC 2,BBC Plochingen 2,5:3,/cms_leagues/matchday/302629,bvbw.billardarea.de_cms_leagues_plan_5839_7935.html
2018/2019,Kreisliga Ost - Staffel 1,8,20.01.2019,12:30,PBC Reutlingen 3,Tübinger BC 3,0:8,/cms_leagues/matchday/302628,bvbw.billardarea.de_cms_leagues_plan_5839_7935.html
2018/2019,Kreisliga Ost - Staffel 1,9,03.02.2019,10:00,BSV Filderstadt 7,Tübinger BC 3,10:00,/cms_leagues/matchday/302632,bvbw.billardarea.de_cms_leagues_plan_5839_7935.html
2018/2019,Kreisliga Ost - Staffel 1,9,03.02.2019,12:30,Tübinger BC 2,BSV Pfullingen 4,5:3,/cms_leagues/matchday/302633,bvbw.billardarea.de_cms_leagues_plan_5839_7935.html
2018/2019,Kreisliga Ost - Staffel 1,10,10.02.2019,12:30,Tübinger BC 2,Tübinger BC 3,4:4,/cms_leagues/matchday/302636,bvbw.billardarea.de_cms_leagues_plan_5839_7935.html
2018/2019,Kreisliga Ost - Staffel 1,11,17.02.2019,12:30,Tübinger BC 3,BSV Pfullingen 4,4:4,/cms_leagues/matchday/302639,bvbw.billardarea.de_cms_leagues_plan_5839_7935.html
2018/2019,Kreisliga Ost - Staffel 1,13,10.03.2019,13:30,BSV Filderstadt 5,Tübinger BC 2,3:5,/cms_leagues/matchday/302643,bvbw.billardarea.de_cms_leagues_plan_5839_7935.html
2018/2019,Kreisliga Ost - Staffel 1,14,17.03.2019,12:30,Tübinger BC 3,BBC Plochingen 2,5:3,/cms_leagues/matchday/302648,bvbw.billardarea.de_cms_leagues_plan_5839_7935.html
2018/2019,Kreisliga Ost - Staffel 1,14,17.03.2019,13:30,BSV Filderstadt 6,Tübinger BC 2,1:7,/cms_leagues/matchday/302646,bvbw.billardarea.de_cms_leagues_plan_5839_7935.html
2018/2019,Kreisliga Ost - Staffel 1,15,24.03.2019,10:00,BSV Filderstadt 5,Tübinger BC 3,10:00,/cms_leagues/matchday/302649,bvbw.billardarea.de_cms_leagues_plan_5839_7935.html
2018/2019,Kreisliga Ost - Staffel 1,15,24.03.2019,12:30,Tübinger BC 2,PBC Reutlingen 3,7:1,/cms_leagues/matchday/302651,bvbw.billardarea.de_cms_leagues_plan_5839_7935.html
2018/2019,Kreisliga Ost - Staffel 1,16,07.04.2019,10:00,BSV Filderstadt 6,Tübinger BC 3,10:00,/cms_leagues/matchday/302654,bvbw.billardarea.de_cms_leagues_plan_5839_7935.html
2018/2019,Kreisliga Ost - Staffel 1,16,07.04.2019,12:30,Tübinger BC 2,BSV Filderstadt 7,6:2,/cms_leagues/matchday/302653,bvbw.billardarea.de_cms_leagues_plan_5839_7935.html
2018/2019,Kreisliga Ost - Staffel 1,17,28.04.2019,12:30,Tübinger BC 3,PBC Reutlingen 3,5:3,/cms_leagues/matchday/302656,bvbw.billardarea.de_cms_leagues_plan_5839_7935.html
2018/2019,Kreisliga Ost - Staffel 1,17,28.04.2019,14:00,BBC Plochingen 2,Tübinger BC 2,5:3,/cms_leagues/matchday/302657,bvbw.billardarea.de_cms_leagues_plan_5839_7935.html
2018/2019,Kreisliga Ost - Staffel 1,18,26.05.2019,12:30,BSV Pfullingen 4,Tübinger BC 2,5:3,/cms_leagues/matchday/302661,bvbw.billardarea.de_cms_leagues_plan_5839_7935.html
2018/2019,Kreisliga Ost - Staffel 1,18,26.05.2019,12:30,Tübinger BC 3,BSV Filderstadt 7,3:5,/cms_leagues/matchday/302660,bvbw.billardarea.de_cms_leagues_plan_5839_7935.html
2019/2020,Bezirksliga Ost - Staffel 1,1,15.09.2019,12:30,Tübinger BC 2,Tübinger BC,8:0,/cms_leagues/matchday/318256,bvbw.billardarea.de_cms_leagues_plan_6497_8730.html
2019/2020,Bezirksliga Ost - Staffel 1,2,06.10.2019,12:30,BSV Pfullingen 4,Tübinger BC 2,2:6,/cms_leagues/matchday/318260,bvbw.billardarea.de_cms_leagues_plan_6497_8730.html
2019/2020,Bezirksliga Ost - Staffel 1,2,06.10.2019,12:30,Tübinger BC,BSV Pfullingen 3,3:5,/cms_leagues/matchday/318261,bvbw.billardarea.de_cms_leagues_plan_6497_8730.html
2019/2020,Bezirksliga Ost - Staffel 1,3,27.10.2019,12:30,BSV Pfullingen 4,Tübinger BC,7:1,/cms_leagues/matchday/318265,bvbw.billardarea.de_cms_leagues_plan_6497_8730.html
2019/2020,Bezirksliga Ost - Staffel 1,3,27.10.2019,12:30,Tübinger BC 2,BSV Pfullingen 3,4:4,/cms_leagues/matchday/318264,bvbw.billardarea.de_cms_leagues_plan_6497_8730.html
2019/2020,Bezirksliga Ost - Staffel 1,4,17.11.2019,10:00,PBC Reutlingen 2,Tübinger BC 2,10:00,/cms_leagues/matchday/318268,bvbw.billardarea.de_cms_leagues_plan_6497_8730.html
2019/2020,Bezirksliga Ost - Staffel 1,4,17.11.2019,12:30,Tübinger BC,BBC Plochingen,3:5,/cms_leagues/matchday/318269,bvbw.billardarea.de_cms_leagues_plan_6497_8730.html
2019/2020,Bezirksliga Ost - Staffel 1,5,24.11.2019,10:00,PBC Reutlingen 2,Tübinger BC,10:00,/cms_leagues/matchday/318273,bvbw.billardarea.de_cms_leagues_plan_6497_8730.html
2019/2020,Bezirksliga Ost - Staffel 1,5,24.11.2019,12:30,Tübinger BC 2,BBC Plochingen,5:3,/cms_leagues/matchday/318272,bvbw.billardarea.de_cms_leagues_plan_6497_8730.html
2019/2020,Bezirksliga Ost - Staffel 1,6,12.01.2020,12:30,Tübinger BC,BSV Filderstadt 4,2:6,/cms_leagues/matchday/318277,bvbw.billardarea.de_cms_leagues_plan_6497_8730.html
2019/2020,Bezirksliga Ost - Staffel 1,6,12.01.2020,14:00,BSC Göppingen 2,Tübinger BC 2,3:5,/cms_leagues/matchday/318276,bvbw.billardarea.de_cms_leagues_plan_6497_8730.html
2019/2020,Bezirksliga Ost - Staffel 1,7,26.01.2020,12:30,Tübinger BC 2,BSV Filderstadt 4,5:3,/cms_leagues/matchday/318280,bvbw.billardarea.de_cms_leagues_plan_6497_8730.html
2019/2020,Bezirksliga Ost - Staffel 1,7,26.01.2020,14:00,BSC Göppingen 2,Tübinger BC,7:1,/cms_leagues/matchday/318281,bvbw.billardarea.de_cms_leagues_plan_6497_8730.html
2019/2020,Bezirksliga Ost - Staffel 1,8,09.02.2020,12:30,Tübinger BC,Tübinger BC 2,2:6,/cms_leagues/matchday/318284,bvbw.billardarea.de_cms_leagues_plan_6497_8730.html
2019/2020,Bezirksliga Ost - Staffel 1,9,01.03.2020,12:30,Tübinger BC 2,BSV Pfullingen 4,6:2,/cms_leagues/matchday/318288,bvbw.billardarea.de_cms_leagues_plan_6497_8730.html
2019/2020,Bezirksliga Ost - Staffel 1,9,01.03.2020,12:30,BSV Pfullingen 3,Tübinger BC,5:3,/cms_leagues/matchday/318289,bvbw.billardarea.de_cms_leagues_plan_6497_8730.html
2019/2020,Bezirksliga Ost - Staffel 1,10,15.03.2020,12:30,Tübinger BC,BSV Pfullingen 4,0:0,/cms_leagues/matchday/318293,bvbw.billardarea.de_cms_leagues_plan_6497_8730.html
2019/2020,Bezirksliga Ost - Staffel 1,10,15.03.2020,12:30,BSV Pfullingen 3,Tübinger BC 2,0:0,/cms_leagues/matchday/318292,bvbw.billardarea.de_cms_leagues_plan_6497_8730.html
2019/2020,Bezirksliga Ost - Staffel 1,11,29.03.2020,12:30,Tübinger BC 2,PBC Reutlingen 2,0:0,/cms_leagues/matchday/318296,bvbw.billardarea.de_cms_leagues_plan_6497_8730.html
2019/2020,Bezirksliga Ost - Staffel 1,11,29.03.2020,14:00,BBC Plochingen,Tübinger BC,0:0,/cms_leagues/matchday/318297,bvbw.billardarea.de_cms_leagues_plan_6497_8730.html
2019/2020,Bezirksliga Ost - Staffel 1,12,19.04.2020,12:30,BBC Plochingen,Tübinger BC 2,0:0,/cms_leagues/matchday/318300,bvbw.billardarea.de_cms_leagues_plan_6497_8730.html
2019/2020,Bezirksliga Ost - Staffel 1,12,19.04.2020,12:30,Tübinger BC,PBC Reutlingen 2,0:0,/cms_leagues/matchday/318301,bvbw.billardarea.de_cms_leagues_plan_6497_8730.html
2019/2020,Bezirksliga Ost - Staffel 1,13,03.05.2020,10:00,BSV Filderstadt 4,Tübinger BC,10:00,/cms_leagues/matchday/318305,bvbw.billardarea.de_cms_leagues_plan_6497_8730.html
2019/2020,Bezirksliga Ost - Staffel 1,13,03.05.2020,12:30,Tübinger BC 2,BSC Göppingen 2,0:0,/cms_leagues/matchday/318304,bvbw.billardarea.de_cms_leagues_plan_6497_8730.html
2019/2020,Bezirksliga Ost - Staffel 1,14,17.05.2020,12:30,Tübinger BC,BSC Göppingen 2,0:0,/cms_leagues/matchday/318309,bvbw.billardarea.de_cms_leagues_plan_6497_8730.html
2019/2020,Bezirksliga Ost - Staffel 1,14,17.05.2020,14:00,BSV Filderstadt 4,Tübinger BC 2,0:0,/cms_leagues/matchday/318308,bvbw.billardarea.de_cms_leagues_plan_6497_8730.html
2016/2017,Bezirksliga 1 - Ost,1,18.09.2016,12:30,Tübinger BC,BF Bronnen,1:7,/cms_leagues/matchday/243298,plan_4593_6352.html
2016/2017,Bezirksliga 1 - Ost,2,25.09.2016,12:30,BC Weingarten 3,Tübinger BC,4:4,/cms_leagues/matchday/243303,plan_4593_6352.html
2016/2017,Bezirksliga 1 - Ost,3,09.10.2016,12:30,Tübinger BC,PBC Reutlingen,3:5,/cms_leagues/matchday/243307,plan_4593_6352.html
2016/2017,Bezirksliga 1 - Ost,4,05.11.2016,14:30,BSV Pfullingen 3,Tübinger BC,3:5,/cms_leagues/matchday/243309,plan_4593_6352.html
2016/2017,Bezirksliga 1 - Ost,5,20.11.2016,12:30,BSV Pfullingen 2,Tübinger BC,5:3,/cms_leagues/matchday/243312,plan_4593_6352.html
2016/2017,Bezirksliga 1 - Ost,6,04.12.2016,12:30,Tübinger BC,PBC Bad Saulgau 3,1:7,/cms_leagues/matchday/243319,plan_4593_6352.html
2016/2017,Bezirksliga 1 - Ost,7,29.01.2017,12:30,Tübinger BC,PBC Ochsenhausen 2,0:0,/cms_leagues/matchday/243322,plan_4593_6352.html
2016/2017,Bezirksliga 1 - Ost,8,12.02.2017,12:30,BF Bronnen,Tübinger BC,0:0,/cms_leagues/matchday/243326,plan_4593_6352.html
2016/2017,Bezirksliga 1 - Ost,9,19.02.2017,12:30,Tübinger BC,BC Weingarten 3,0:0,/cms_leagues/matchday/243331,plan_4593_6352.html
2016/2017,Bezirksliga 1 - Ost,10,19.03.2017,12:30,PBC Reutlingen,Tübinger BC,0:0,/cms_leagues/matchday/243335,plan_4593_6352.html
2016/2017,Bezirksliga 1 - Ost,11,02.04.2017,12:30,Tübinger BC,BSV Pfullingen 3,0:0,/cms_leagues/matchday/243337,plan_4593_6352.html
2016/2017,Bezirksliga 1 - Ost,12,23.04.2017,16:00,Tübinger BC,BSV Pfullingen 2,0:0,/cms_leagues/matchday/243340,plan_4593_6352.html
2016/2017,Bezirksliga 1 - Ost,13,30.04.2017,14:00,PBC Bad Saulgau 3,Tübinger BC,0:0,/cms_leagues/matchday/243347,plan_4593_6352.html
2016/2017,Bezirksliga 1 - Ost,14,21.05.2017,12:30,PBC Ochsenhausen 2,Tübinger BC,0:0,/cms_leagues/matchday/243350,plan_4593_6352.html
