match_id,league_season,date,time,home,away,home_mp,away_mp,source_file
219908,Bezirksliga 2 - Ost (2015/2016),20.09.2015,15:00,BSC Göppingen 2,Tübinger BC,5,3,219908.html
219916,Bezirksliga 2 - Ost (2015/2016),25.10.2015,12:30,BSV Pfullingen 3,Tübinger BC,4,4,219916.html
243298,Bezirksliga 1 - Ost (2016/2017),18.09.2016,12:30,Tübinger BC,BF Bronnen,1,7,243298.html
243303,Bezirksliga 1 - Ost (2016/2017),25.09.2016,12:30,BC Weingarten 3,Tübinger BC,4,4,243303.html
243307,Bezirksliga 1 - Ost (2016/2017),09.10.2016,12:30,Tübinger BC,PBC Reutlingen,3,5,243307.html
243309,Bezirksliga 1 - Ost (2016/2017),05.11.2016,14:30,BSV Pfullingen 3,Tübinger BC,3,5,243309.html
243312,Bezirksliga 1 - Ost (2016/2017),20.11.2016,12:30,BSV Pfullingen 2,Tübinger BC,5,3,243312.html
243319,Bezirksliga 1 - Ost (2016/2017),04.12.2016,12:30,Tübinger BC,PBC Bad Saulgau 3,1,7,243319.html
243322,Bezirksliga 1 - Ost (2016/2017),29.01.2017,12:30,Tübinger BC,PBC Ochsenhausen 2,0,0,243322.html
243326,Bezirksliga 1 - Ost (2016/2017),12.02.2017,12:30,BF Bronnen,Tübinger BC,0,0,243326.html
243331,Bezirksliga 1 - Ost (2016/2017),19.02.2017,12:30,Tübinger BC,BC Weingarten 3,0,0,243331.html
243335,Bezirksliga 1 - Ost (2016/2017),19.03.2017,12:30,PBC Reutlingen,Tübinger BC,0,0,243335.html
243337,Bezirksliga 1 - Ost (2016/2017),02.04.2017,12:30,Tübinger BC,BSV Pfullingen 3,0,0,243337.html
243340,Bezirksliga 1 - Ost (2016/2017),23.04.2017,16:00,Tübinger BC,BSV Pfullingen 2,0,0,243340.html
243350,Bezirksliga 1 - Ost (2016/2017),21.05.2017,12:30,PBC Ochsenhausen 2,Tübinger BC,0,0,243350.html
270863,Kreisliga A Ost - Staffel 2 (2017/2018),17.09.2017,12:30,BSV Pfullingen 4,Tübinger BC 3,8,0,270863.html
270867,Kreisliga A Ost - Staffel 2 (2017/2018),15.10.2017,12:30,Tübinger BC 3,PBC Ochsenhausen 2,6,2,270867.html
270870,Kreisliga A Ost - Staffel 2 (2017/2018),26.11.2017,10:30,PBC Ochsenhausen 3,Tübinger BC 3,8,0,270870.html
270873,Kreisliga A Ost - Staffel 2 (2017/2018),17.12.2017,12:30,Tübinger BC 3,BF Bronnen 2,5,3,270873.html
270876,Kreisliga A Ost - Staffel 2 (2017/2018),14.01.2018,14:00,PBC Reutlingen 3,Tübinger BC 3,4,4,270876.html
270881,Kreisliga A Ost - Staffel 2 (2017/2018),04.02.2018,11:00,BSV Filderstadt 7,Tübinger BC 3,5,3,270881.html
270885,Kreisliga A Ost - Staffel 2 (2017/2018),25.02.2018,12:30,Tübinger BC 3,BSV Pfullingen 4,4,4,270885.html
270889,Kreisliga A Ost - Staffel 2 (2017/2018),11.03.2018,12:30,PBC Ochsenhausen 2,Tübinger BC 3,3,5,270889.html
270892,Kreisliga A Ost - Staffel 2 (2017/2018),25.03.2018,12:30,Tübinger BC 3,PBC Ochsenhausen 3,3,5,270892.html
270894,Kreisliga A Ost - Staffel 2 (2017/2018),15.04.2018,12:30,BF Bronnen 2,Tübinger BC 3,3,5,270894.html
270897,Kreisliga A Ost - Staffel 2 (2017/2018),29.04.2018,12:30,Tübinger BC 3,PBC Reutlingen 3,7,1,270897.html
270902,Kreisliga A Ost - Staffel 2 (2017/2018),27.05.2018,12:30,Tübinger BC 3,BSV Filderstadt 7,4,4,270902.html
318256,Bezirksliga Ost - Staffel 1 (2019/2020),15.09.2019,12:30,Tübinger BC 2,Tübinger BC,8,0,318256.html
318260,Bezirksliga Ost - Staffel 1 (2019/2020),06.10.2019,12:30,BSV Pfullingen 4,Tübinger BC 2,2,6,318260.html
318261,Bezirksliga Ost - Staffel 1 (2019/2020),06.10.2019,12:30,Tübinger BC,BSV Pfullingen 3,3,5,318261.html
318264,Bezirksliga Ost - Staffel 1 (2019/2020),27.10.2019,12:30,Tübinger BC 2,BSV Pfullingen 3,0,0,318264.html
318265,Bezirksliga Ost - Staffel 1 (2019/2020),27.10.2019,12:30,BSV Pfullingen 4,Tübinger BC,0,0,318265.html
318268,Bezirksliga Ost - Staffel 1 (2019/2020),17.11.2019,10:00,PBC Reutlingen 2,Tübinger BC 2,0,0,318268.html
318269,Bezirksliga Ost - Staffel 1 (2019/2020),17.11.2019,12:30,Tübinger BC,BBC Plochingen,0,0,318269.html
318272,Bezirksliga Ost - Staffel 1 (2019/2020),24.11.2019,12:30,Tübinger BC 2,BBC Plochingen,0,0,318272.html
318273,Bezirksliga Ost - Staffel 1 (2019/2020),24.11.2019,10:00,PBC Reutlingen 2,Tübinger BC,0,0,318273.html
318276,Bezirksliga Ost - Staffel 1 (2019/2020),12.01.2020,14:00,BSC Göppingen 2,Tübinger BC 2,3,5,318276.html
318277,Bezirksliga Ost - Staffel 1 (2019/2020),12.01.2020,12:30,Tübinger BC,BSV Filderstadt 4,0,0,318277.html
318280,Bezirksliga Ost - Staffel 1 (2019/2020),26.01.2020,12:30,Tübinger BC 2,BSV Filderstadt 4,0,0,318280.html
318281,Bezirksliga Ost - Staffel 1 (2019/2020),26.01.2020,14:00,BSC Göppingen 2,Tübinger BC,0,0,318281.html
318284,Bezirksliga Ost - Staffel 1 (2019/2020),09.02.2020,12:30,Tübinger BC,Tübinger BC 2,2,6,318284.html
318288,Bezirksliga Ost - Staffel 1 (2019/2020),01.03.2020,12:30,Tübinger BC 2,BSV Pfullingen 4,6,2,318288.html
318289,Bezirksliga Ost - Staffel 1 (2019/2020),01.03.2020,12:30,BSV Pfullingen 3,Tübinger BC,0,0,318289.html
318292,Bezirksliga Ost - Staffel 1 (2019/2020),15.03.2020,12:30,BSV Pfullingen 3,Tübinger BC 2,0,0,318292.html
318293,Bezirksliga Ost - Staffel 1 (2019/2020),15.03.2020,12:30,Tübinger BC,BSV Pfullingen 4,0,0,318293.html
318296,Bezirksliga Ost - Staffel 1 (2019/2020),29.03.2020,12:30,Tübinger BC 2,PBC Reutlingen 2,0,0,318296.html
318297,Bezirksliga Ost - Staffel 1 (2019/2020),29.03.2020,14:00,BBC Plochingen,Tübinger BC,0,0,318297.html
318300,Bezirksliga Ost - Staffel 1 (2019/2020),19.04.2020,12:30,BBC Plochingen,Tübinger BC 2,0,0,318300.html
318301,Bezirksliga Ost - Staffel 1 (2019/2020),19.04.2020,12:30,Tübinger BC,PBC Reutlingen 2,0,0,318301.html
318304,Bezirksliga Ost - Staffel 1 (2019/2020),03.05.2020,12:30,Tübinger BC 2,BSC Göppingen 2,0,0,318304.html
318305,Bezirksliga Ost - Staffel 1 (2019/2020),03.05.2020,10:00,BSV Filderstadt 4,Tübinger BC,0,0,318305.html
318308,Bezirksliga Ost - Staffel 1 (2019/2020),17.05.2020,14:00,BSV Filderstadt 4,Tübinger BC 2,0,0,318308.html
318309,Bezirksliga Ost - Staffel 1 (2019/2020),17.05.2020,12:30,Tübinger BC,BSC Göppingen 2,0,0,318309.html
