date,player,player_id,opponent,opponent_id,score,discipline
09.01.2025,Konrad Bau,240143,Partha Ghosh,368821,6:0,9-Ball
15.01.2025,Patrick Coklica,368820,Nikolaos Seristatidis,367912,60:59,14/1e
22.01.2025,Patrick Coklica,368820,Nikolaos Seristatidis,367912,52:80,14/1e
23.01.2025,Konrad Bau,240143,Ali Deyhimi,368249,60:26,14/1e
07.02.2025,Partha Ghosh,368821,Hannes Reißner,368517,5:2,8-Ball
16.02.2025,Michael Maihöfer,368822,Uwe Cordes,100718,5:3,8-Ball
25.02.2025,Michael Maihöfer,368822,Andreas Horn,101988,5:4,9-Ball
04.03.2025,Nikolaos Seristatidis,367912,Hannes Reißner,368517,5:4,8-Ball
04.03.2025,Patrick Coklica,368820,Alexander Fischer,356369,2:5,8-Ball
11.03.2025,Partha Ghosh,368821,Konrad Bau,240143,1:5,8-Ball
20.03.2025,Alexander Fischer,356369,Konrad Bau,240143,26:70,14/1e
07.04.2025,Konrad Bau,240143,Uwe Cordes,100718,5:1,8-Ball
13.04.2025,Konrad Bau,240143,Michael Maihöfer,368822,5:0,8-Ball
26.04.2025,Partha Ghosh,368821,Uwe Cordes,100718,5:1,8-Ball
29.04.2025,Roland Wacker,104819,Mark Hast,242992,5:2,8-Ball
30.04.2025,Partha Ghosh,368821,Michael Maihöfer,368822,5:0,8-Ball
04.05.2025,Nikolaos Seristatidis,367912,Ali Deyhimi,368249,7:4,9-Ball
20.05.2025,Mark Hast,242992,Hannes Reißner,368517,5:4,8-Ball
24.05.2025,Roland Wacker,104819,Alexander Fischer,356369,3:6,9-Ball
06.06.2025,Nikolaos Seristatidis,367912,Andreas Horn,101988,5:4,8-Ball
16.06.2025,Alexander Fischer,356369,Wadea Al Mahamid,349790,9:7,9-Ball
19.06.2025,Partha Ghosh,368821,Konrad Bau,240143,1:6,9-Ball
21.06.2025,Roland Wacker,104819,Hannes Reißner,368517,7:2,9-Ball
21.06.2025,Nikolaos Seristatidis,367912,Konrad Bau,240143,2:5,8-Ball
15.07.2025,Mark Hast,242992,Patrick Coklica,368820,5:4,8-Ball
20.07.2025,Kevin Minardi,369056,Francesco Dragotta,369057,5:3,8-Ball
27.07.2025,Kevin Minardi,369056,Dixi,local:dixi|Tübinger BC,5:3,8-Ball
27.07.2025,Francesco Dragotta,369057,Dixi,local:dixi|Tübinger BC,3:5,8-Ball
29.07.2025,Alexander Fischer,356369,Andreas Horn,101988,7:6,9-Ball
29.07.2025,Patrick Coklica,368820,Hannes Reißner,368517,5:4,8-Ball
29.07.2025,Mark Hast,242992,Roland Wacker,104819,5:4,8-Ball
29.07.2025,Roland Wacker,104819,Ali Deyhimi,368249,5:4,8-Ball
05.08.2025,Mark Hast,242992,Uwe Cordes,100718,5:1,8-Ball
06.08.2025,Kevin Minardi,369056,Hannes Reißner,368517,5:3,8-Ball
13.08.2025,Partha Ghosh,368821,Konrad Bau,240143,0:6,9-Ball
02.09.2025,Mark Hast,242992,Alexander Fischer,356369,5:1,8-Ball
02.09.2025,Mark Hast,242992,Partha Ghosh,368821,5:3,8-Ball
02.09.2025,Kevin Minardi,369056,Patrick Coklica,368820,4:5,8-Ball
02.09.2025,Roland Wacker,104819,Wadea Al Mahamid,349790,7:6,9-Ball
09.09.2025,Ali Deyhimi,368249,Uwe Cordes,100718,5:1,8-Ball
11.09.2025,Kevin Minardi,369056,Hannes Reißner,368517,3:5,8-Ball
02.10.2025,Roland Wacker,104819,Nikolaos Seristatidis,367912,70:40,14/1e
02.10.2025,Nikolaos Seristatidis,367912,Roland Wacker,104819,35:70,14/1e
05.10.2025,Dixi,local:dixi|Tübinger BC,Kevin Minardi,369056,70:53,14/1e
12.10.2025,Adham Mohamed,369124,Francesco Dragotta,369057,5:4,8-Ball
12.10.2025,Dixi,local:dixi|Tübinger BC,Patrick Coklica,368820,2:5,8-Ball
14.10.2025,Adham Mohamed,369124,Francesco Dragotta,369057,5:1,8-Ball
20.10.2025,Kevin Minardi,369056,Dixi,local:dixi|Tübinger BC,5:6,9-Ball
20.10.2025,Kevin Minardi,369056,Thorgen Brett,353895,5:6,9-Ball
28.10.2025,Adham Mohamed,369124,Kevin Minardi,369056,3:5,8-Ball
23.11.2025,Kevin Minardi,369056,Dixi,local:dixi|Tübinger BC,3:6,9-Ball
01.12.2025,Kevin Minardi,369056,Dixi,local:dixi|Tübinger BC,4:5,9-Ball
21.09.2026,Partha Ghosh,368821,Roland Wacker,104819,70:65,14/1e
27.09.2026,Partha Ghosh,368821,Alexander Fischer,356369,5:4,9-Ball
28.09.2026,Cornelius Ryan,229104,Adham Mohamed,369124,0:3,8-Ball
28.09.2026,Cornelius Ryan,229104,Adham Mohamed,369124,36:80,14/1e
28.09.2026,Hussein,local:hussein|Tübinger BC,Adham Mohamed,369124,1:7,9-Ball
29.09.2026,Alexander Fischer,356369,Patrick Coklica,368820,0:1,9-Ball
29.09.2026,Ali Deyhimi,368249,Adham Mohamed,369124,0:1,9-Ball
29.09.2026,Ali Deyhimi,368249,Patrick Coklica,368820,0:1,9-Ball
29.09.2026,Partha Ghosh,368821,Adham Mohamed,369124,1:2,9-Ball
29.09.2026,Alexander Fischer,356369,Nikolaos Seristatidis,367912,2:1,9-Ball
29.09.2026,Ali Deyhimi,368249,Partha Ghosh,368821,0:2,9-Ball
29.09.2026,Alexander Fischer,356369,Partha Ghosh,368821,3:4,9-Ball
29.09.2026,Ali Deyhimi,368249,Nikolaos Seristatidis,367912,1:2,9-Ball
29.09.2026,Patrick Coklica,368820,Adham Mohamed,369124,7:3,9-Ball
29.09.2026,Alexander Fischer,356369,Partha Ghosh,368821,6:2,9-Ball
29.09.2026,Alexander Fischer,356369,Ali Deyhimi,368249,0:1,9-Ball
29.09.2026,Ali Deyhimi,368249,Partha Ghosh,368821,0:1,9-Ball
29.09.2026,Ali Deyhimi,368249,Adham Mohamed,369124,1:6,9-Ball
29.09.2026,Alexander Fischer,356369,Ali Deyhimi,368249,1:0,9-Ball
29.09.2026,Partha Ghosh,368821,Adham Mohamed,369124,0:1,9-Ball
29.09.2026,Alexander Fischer,356369,Partha Ghosh,368821,1:0,9-Ball
29.09.2026,Alexander Fischer,356369,Ali Deyhimi,368249,0:1,9-Ball
29.09.2026,Ali Deyhimi,368249,Partha Ghosh,368821,0:1,9-Ball
29.09.2026,Alexander Fischer,356369,Partha Ghosh,368821,1:0,9-Ball
29.09.2026,Alexander Fischer,356369,Partha Ghosh,368821,3:2,9-Ball
29.09.2026,Alexander Fischer,356369,Partha Ghosh,368821,1:0,9-Ball
29.09.2026,Ali Deyhimi,368249,Adham Mohamed,369124,1:6,9-Ball
29.09.2026,Alexander Fischer,356369,Ali Deyhimi,368249,1:0,9-Ball
29.09.2026,Partha Ghosh,368821,Adham Mohamed,369124,0:1,9-Ball
29.09.2026,Claudio Severino,369214,Adham Mohamed,369124,3:5,8-Ball
29.09.2026,Claudio Severino,369214,Adham Mohamed,369124,4:5,9-Ball
30.09.2026,Partha Ghosh,368821,Adham Mohamed,369124,5:4,8-Ball
30.09.2026,Partha Ghosh,368821,Konrad Bau,240143,5:4,8-Ball
30.09.2026,Adham Mohamed,369124,Frank,local:frank|Tübinger BC,6:4,8-Ball
30.09.2026,Claudio Severino,369214,Adham Mohamed,369124,5:2,8-Ball
30.09.2026,Claudio Severino,369214,Adham Mohamed,369124,1:4,9-Ball
01.10.2026,Claudio Severino,369214,Adham Mohamed,369124,2:3,8-Ball
01.10.2026,Claudio Severino,369214,Adham Mohamed,369124,2:5,9-Ball
01.10.2026,Andy,local:andy|Tübinger BC,Adham Mohamed,369124,2:5,9-Ball
02.10.2026,Uwe,local:uwe|Tübinger BC,Adham Mohamed,369124,0:5,8-Ball
02.10.2026,Uwe,local:uwe|Tübinger BC,Adham Mohamed,369124,2:5,9-Ball
02.10.2026,Dominik,local:dominik|Tübinger BC,Adham Mohamed,369124,19:70,14/1e
03.10.2026,Adham Mohamed,369124,Hannes Reißner,368517,5:0,8-Ball
03.10.2026,Partha Ghosh,368821,Dominika,local:dominika|Tübinger BC,1:1,8-Ball
03.10.2026,Partha Ghosh,368821,Adham Mohamed,369124,62:70,14/1e
03.10.2026,Partha Ghosh,368821,Nikolaos Seristatidis,367912,2:2,8-Ball
03.10.2026,Partha Ghosh,368821,Adham Mohamed,369124,2:1,8-Ball
03.10.2026,Partha Ghosh,368821,Adham Mohamed,369124,3:1,8-Ball
