player,elo,se,elo_8,se_8,elo_9,se_9,elo_10,se_10,elo_14_1,se_14_1
Ricardo Gutjahr,1838,32,1900,59,1804,68,1834,70,1803,59
Eric Mattern,1788,32,1832,66,1774,61,1795,63,1754,66
Mehmet Cankurt,1787,47,1837,137,1787,74,1810,83,1699,123
Markus Kamuf,1772,34,1788,68,1749,69,1790,67,1759,68
Matthias Hardtke,1772,27,1835,52,1744,55,1757,55,1744,54
Alexander Haass,1757,37,1796,85,1736,73,1789,67,1711,71
Christian Brehme,1752,39,1787,80,1756,75,1764,82,1704,77
Hermann Hoyh,1751,45,1801,108,1783,88,1708,91,1732,79
Andreas Schroff,1749,39,1768,84,1737,71,1758,81,1738,75
Geronimo Rosa,1748,45,1802,91,1727,92,1745,87,1720,86
Armin Mahmoudi,1747,54,1795,109,1722,105,1760,99,1698,128
Fabian Neglein,1745,37,1786,66,1675,78,1766,71,1732,81
Daniel Merbitz,1731,30,1774,61,1736,62,1740,58,1672,61
Robin Heber,1726,29,1744,64,1731,57,1744,54,1682,60
Andreas Keilmann,1723,23,1743,52,1692,57,1727,40,1721,41
Marco Giusa,1719,26,1788,63,1696,64,1710,49,1703,43
Dieter Neumann,1717,26,1789,54,1676,52,1705,60,1703,45
Manuel Klappstein,1716,35,1787,135,1707,122,1718,57,1705,52
Holger Maier,1713,35,1778,68,1680,59,1707,65,1661,130
Markus Buck,1711,57,1804,117,1652,132,1668,142,1700,90
Xanthos Vlassidis,1711,44,1764,88,1694,83,1720,77,1629,117
Gerd Hörrmann,1710,27,1724,61,1717,50,1712,74,1696,44
Ruben Winkler,1709,38,1749,69,1705,99,1668,112,1695,56
Markus Hardtke,1707,26,1743,57,1710,51,1715,54,1671,50
Martin Schwab,1706,35,1783,71,1652,67,1707,74,1687,71
Stefan Duttlinger,1706,28,1777,55,1688,58,1659,56,1696,52
Marcus Mutschler,1705,54,1703,125,1700,94,1745,101,1661,115
Marek Adam,1704,43,1761,74,1667,117,1700,115,1669,68
Florian Menzel,1703,38,1729,67,1696,80,1745,90,1652,70
Markus Strauß,1699,40,1784,105,1658,112,1698,64,1680,69
Adrian Cabanillas Lora,1698,27,1734,54,1675,58,1715,63,1679,45
Tina Riedel,1698,61,1757,135,1675,120,1692,123,1681,115
Christian Schaber,1695,34,1721,66,1673,80,1738,65,1640,67
Philipp Lisenko,1695,45,1751,111,1714,93,1683,94,1667,73
Hendrik Reckers,1693,32,1776,69,1670,66,1691,55,1634,72
Robert Karaica,1692,36,1736,71,1667,70,1685,81,1682,68
Patrick Lauinger,1690,31,1721,63,1685,49,1702,72,1638,82
Andreas Jeschka,1689,31,1732,58,1674,67,1683,55,1650,76
Calvin Waldecker,1688,30,1743,68,1690,51,1690,53,1607,79
Mike Rüffert,1687,54,1720,156,1693,94,1686,142,1672,86
Helmut Heck,1686,74,1730,183,1651,165,1697,143,1677,124
Matthias Ludersdorfer,1686,49,1753,145,1689,105,1684,121,1670,69
Stefan Künzl,1686,30,1745,57,1647,75,1676,84,1665,47
Jens Heim,1685,35,1742,120,1707,73,1678,56,1659,66
Bernd Hauenstein,1684,45,1725,98,1685,76,1664,104,1661,92
Marcus Strey,1684,61,1736,126,1656,141,1654,134,1682,101
Randee Ramzi Yalda,1682,26,1718,46,1668,65,1690,54,1639,51
Thomas Gäckle,1681,24,1738,43,1656,56,1664,54,1651,42
Ingo Nassall,1680,22,1725,40,1671,55,1673,46,1645,40
Manuel Letzel,1680,55,1705,125,1686,104,1677,125,1661,96
Andreas Kullmann,1679,31,1739,53,1670,71,1638,72,1642,58
Giuseppe Curcio,1679,41,1729,95,1667,78,1682,66,1631,106
Steffen Säubert,1679,48,1709,165,1672,75,1686,96,1675,94
Zeljko Burmazovic,1679,29,1737,78,1664,48,1679,44,1636,122
Benjamin Jung,1678,34,1740,62,1609,94,1670,78,1655,56
Erdal Akinci,1678,25,1720,53,1669,50,1683,51,1643,49
Michael Roth,1677,34,1747,72,1665,59,1686,78,1626,66
Alexander Casper,1676,42,1738,70,1633,135,1646,148,1640,63
Alexandros Vassiliadis,1675,30,1729,51,1641,85,1650,82,1647,47
Marius Sutor,1675,38,1754,106,1668,119,1662,65,1662,59
Károly Kis,1674,46,1699,94,1663,94,1621,137,1681,73
Marco Warlies,1674,28,1717,47,1649,60,1676,50,1600,72
Marvin Zimmer,1672,33,1764,80,1652,66,1700,101,1644,48
Patrick Mungiuri,1672,27,1711,58,1674,54,1685,46,1612,57
Steffen Gross,1671,37,1740,76,1611,83,1653,70,1671,72
Oliver Kielwein,1670,38,1696,74,1657,66,1675,68,1625,130
Ruben Frick,1670,67,1694,188,1669,124,1652,167,1672,104
Frank Wagenmann,1668,47,1717,84,1643,89,1664,93,1620,125
Haydar Chehade,1668,30,1677,94,1669,46,1681,49,1621,86
Athanassios Psimenidis,1667,36,1681,85,1676,57,1666,87,1641,72
Christian Endres,1667,37,1689,68,1659,86,1692,88,1640,62
Daniel Moll,1667,37,1700,66,1668,118,1669,103,1642,56
Michael Matschewsky,1667,40,1721,106,1671,63,1665,89,1628,82
Pavlos Dadakos,1667,26,1671,67,1668,45,1687,53,1647,46
Frank Nitsche,1666,49,1716,106,1636,145,1688,86,1627,83
Tahsin Kirli,1664,51,1688,167,1646,106,1675,92,1661,85
Fabian Snijder,1663,25,1711,50,1668,53,1666,48,1607,50
Farhad Shahverdi,1663,76,1737,149,1634,164,1662,158,1619,141
Rainer Hermann,1662,26,1684,64,1651,46,1694,54,1633,51
Michael Schwarzjirg,1661,37,1676,75,1662,73,1670,101,1647,63
Oezer Bulunmaz,1661,67,1688,169,1651,121,1682,119,1623,149
Stanislaw Kretz,1661,29,1725,65,1630,61,1663,66,1646,45
Andreas Augustin,1660,30,1682,147,1646,46,1683,46,1620,89
Philipp Kibele,1660,43,1722,78,1633,83,1642,109,1623,86
Simone Künzl,1659,32,1688,66,1634,69,1680,60,1627,65
Drazen Smolcic,1658,23,1720,58,1648,37,1654,38,1597,90
Jürgen Baumgärtner,1658,28,1691,53,1659,72,1643,72,1642,42
Frank Gebert,1657,28,1674,75,1663,60,1670,50,1635,49
Timo Reinert,1656,35,1658,53,1628,112,1669,56,1607,130
Ralf Grießhaber,1655,26,1674,56,1655,56,1643,47,1655,50
Stefan Weiß,1655,30,1686,65,1621,55,1674,59,1650,59
Aleksander Diachkov,1652,42,1701,117,1652,71,1645,65,1619,134
Sven Deschner,1652,38,1672,70,1629,91,1674,65,1596,91
Zehrudin Vereget,1652,31,1674,44,1652,95,1619,77,1628,66
Alexander Striker,1651,27,1681,107,1646,44,1683,46,1593,63
Michael Diedrich,1651,22,1691,36,1643,59,1663,55,1608,37
Dennis Wörthmüller,1649,53,1661,171,1637,93,1678,86,1607,119
Steffen Joos,1649,52,1718,122,1621,85,1660,99,1618,128
Ihor Lialin,1648,54,1699,127,1624,111,1654,116,1635,87
Orhan Parama,1648,33,1656,167,1641,49,1659,49,1606,139
Berthold Moser,1647,25,1680,40,1613,46,1657,54,1605,75
Alen Salic,1644,58,1649,114,1661,99,1642,126,1610,130
Daniel Kimmig,1644,52,1674,123,1650,100,1632,92,1629,110
Dirk Müller,1644,35,1703,66,1640,82,1625,81,1611,59
Lutz Metzner,1644,39,1700,82,1591,131,1624,77,1639,58
Raphael Titzmann,1644,27,1681,52,1625,43,1657,62,1615,68
Holger Vier,1643,50,1670,116,1644,105,1642,86,1623,102
Norbert Rollbühler,1642,26,1666,44,1633,80,1641,48,1613,51
Thomas Kramhöller,1641,36,1703,82,1635,70,1643,85,1612,60
Michael Füess,1640,35,1666,60,1571,86,1657,55,1595,110
Udo Kirchgeßner,1639,41,1697,76,1610,147,1621,149,1615,55
Mehmet Kapli,1638,44,1679,114,1628,86,1634,92,1631,73
Peter Rueff,1638,56,1667,104,1603,151,1610,144,1640,87
Robert Schwarz,1638,45,1651,89,1600,148,1612,151,1644,61
Rolf Mangelsdorf,1638,28,1680,62,1644,50,1632,65,1605,54
Dany Baron,1637,26,1672,54,1621,56,1636,59,1623,44
Savas Hopff,1637,34,1714,105,1615,56,1655,100,1633,53
Fikret Tasdemir,1636,34,1680,53,1627,94,1602,55,1594,109
Machmut Turan,1636,23,1651,36,1623,44,1680,67,1604,48
Florian Stojanoski,1634,28,1662,54,1627,55,1620,51,1627,71
Markus Rütten,1634,26,1690,46,1574,63,1675,60,1582,48
Björn Spiegel,1633,43,1663,71,1612,112,1631,114,1612,73
Daniel Kalnak,1633,38,1673,70,1606,100,1630,85,1614,62
Alexander Kocher,1632,28,1637,68,1638,48,1645,56,1605,59
Christian Rossa,1632,35,1655,60,1622,83,1643,96,1610,59
Denis Mnich,1632,24,1656,51,1601,52,1658,50,1618,41
Dieter Seitz,1632,39,1656,64,1615,107,1618,134,1618,62
Peter Lotterer,1632,35,1671,66,1601,74,1613,143,1626,52
Edin Porcic,1631,29,1684,66,1625,52,1620,46,1589,100
Mustafa Benk,1631,32,1682,61,1604,65,1635,57,1577,80
Florian Rasser,1630,55,1653,88,1636,105,1609,152,1593,118
Heiko Hoffmann,1629,40,1631,93,1580,80,1666,63,1609,106
Kalin-Felix Stefanov,1629,37,1665,84,1629,72,1613,95,1617,60
Markus Mauch,1629,39,1675,103,1581,71,1673,62,1576,93
Mike Dörfler,1629,41,1672,142,1608,146,1637,64,1617,62
Maurizio Reith,1628,40,1671,89,1634,83,1629,72,1589,77
Andreas Loderer,1627,24,1666,39,1624,49,1567,67,1606,44
Jörg Schick-Bringer,1627,31,1664,53,1617,85,1626,77,1595,52
Jozsef Zvorinji,1626,37,1642,123,1615,57,1647,61,1586,113
Colin Ketterlin,1625,42,1640,146,1602,98,1647,79,1618,62
Necmi Kolbasar,1625,29,1631,84,1607,44,1653,47,1575,110
Thomas Rehmann,1625,32,1644,60,1617,70,1637,68,1602,60
Thorsten Holatka,1625,37,1655,80,1637,73,1646,78,1577,67
Benjamin Pran,1624,29,1673,86,1624,57,1623,49,1603,57
Benny-Michel Mildenberger,1624,28,1621,124,1621,42,1631,42,1589,125
Luigi Sarullo,1624,21,1667,39,1593,43,1618,37,1597,63
Thomas Metzler,1624,36,1655,68,1644,90,1627,92,1594,55
Stephan Huber,1623,41,1592,79,1636,94,1673,114,1621,65
Raed Jaafar,1622,61,1625,147,1619,131,1645,115,1603,108
Alexandar Stankovic,1621,30,1622,65,1621,51,1634,53,1586,91
Sebastian Albrecht,1621,31,1671,63,1622,55,1578,110,1595,50
Wolfgang Stimmer,1621,43,1638,160,1584,94,1665,81,1607,64
Arno Corigliano,1620,38,1637,91,1600,66,1660,89,1609,70
Matthias Frank,1620,65,1638,182,1623,121,1617,140,1613,108
Mustafa Özyürük,1620,34,1686,134,1642,56,1610,101,1596,49
Massimo Miccoli,1619,40,1652,95,1613,77,1566,113,1625,61
Michael Greiner,1619,39,1644,64,1611,56,1595,147,1578,126
Tayfun Teber,1619,80,1626,212,1645,121,1601,183,1584,166
Darius Skowronek,1618,26,1615,63,1614,70,1614,45,1625,44
Karl-Heinz Zimmermann,1618,24,1656,38,1588,71,1612,63,1586,40
Luigi Sabia,1618,55,1651,142,1619,91,1600,112,1613,111
Valentin Marten,1618,31,1671,52,1569,70,1607,62,1582,73
Wadea Al Mahamid,1618,30,1668,50,1601,68,1602,94,1579,52
Marco Sforza,1617,49,1642,83,1606,113,1613,87,1584,125
Florian Merz,1616,76,1631,200,1635,134,1595,160,1606,138
Marc Proissl,1616,29,1667,49,1559,73,1605,55,1586,63
Alexander Srp,1615,39,1614,80,1566,116,1637,67,1608,71
Carsten Mellmann,1615,31,1654,62,1616,101,1611,72,1595,46
Mark Simon,1615,43,1628,156,1592,148,1640,67,1596,64
Sercan Özdemir,1615,27,1638,153,1660,54,1611,56,1590,40
Serdar Tunbek,1615,48,1619,141,1630,78,1616,140,1598,78
Goncalo Vieira Manies,1614,28,1669,70,1603,50,1628,52,1576,57
Savvas Kourpanidis,1614,66,1661,125,1584,143,1595,148,1604,119
Gerald Kny,1612,71,1649,174,1601,123,1620,134,1589,152
Matthias Pujic,1612,31,1634,57,1573,87,1624,53,1584,68
Bülent Gürkan,1611,29,1638,57,1604,86,1640,59,1580,45
Damir Vidovic,1611,51,1615,130,1590,131,1628,91,1604,81
Fabio Romano,1611,34,1643,101,1615,62,1617,68,1590,61
Michael Schneider,1611,31,1657,46,1594,76,1576,66,1554,72
Michael Strohmaier,1611,32,1620,52,1580,66,1630,59,1579,129
Ralf Ganz,1611,41,1615,138,1568,135,1619,64,1611,66
Sven Sibbus,1611,73,1627,196,1612,129,1599,172,1610,122
Thomas Kupfer,1611,31,1633,63,1610,52,1625,63,1561,77
Steffen Graf,1610,32,1651,57,1593,75,1592,64,1587,65
Steffen Mämecke,1610,51,1630,111,1646,91,1594,105,1557,108
Michael Heneka,1609,24,1625,43,1594,45,1612,41,1581,104
Andreas Jörg,1607,49,1569,122,1556,135,1623,92,1627,75
Frank Eisele,1607,31,1623,77,1597,60,1604,58,1611,58
Sonny Weber,1607,32,1642,66,1608,77,1592,69,1595,51
Steven Thieltges,1607,29,1637,53,1596,79,1591,78,1594,44
Torsten Hanisch,1607,35,1616,67,1591,123,1613,70,1600,55
Tuong Tran,1607,48,1636,150,1625,84,1614,101,1578,81
Anh Tran,1606,49,1616,93,1607,82,1609,105,1577,134
Kevin Adamczyk,1606,28,1635,67,1619,63,1603,55,1586,47
Niklas Vogel,1606,53,1618,89,1601,137,1600,140,1599,87
Johanna Indlekofer,1605,33,1671,88,1616,58,1582,65,1579,64
Michael Reichert,1605,35,1645,55,1574,57,1582,99,1578,122
Nick Neubacher,1605,39,1614,105,1618,64,1591,93,1592,70
Stefan Gaschler,1605,32,1630,47,1556,133,1573,135,1589,48
Benjamin Eiberger,1604,23,1658,39,1558,66,1556,57,1584,40
Marc Wegenast,1604,41,1639,85,1595,106,1578,92,1601,64
Michael Grad,1604,51,1624,119,1569,107,1625,97,1598,92
Stefan Sock,1604,23,1631,47,1594,42,1603,40,1579,64
Jonathan Nestler,1603,36,1660,101,1547,88,1596,102,1609,47
Martin Burmeister,1603,44,1598,128,1628,116,1616,76,1586,68
Martin Doster,1603,26,1633,44,1600,57,1623,86,1574,42
Mete Mutlu,1603,52,1613,108,1614,105,1608,95,1575,108
Brian Biercher,1602,37,1617,75,1609,74,1605,77,1576,74
Georg Winter,1602,32,1645,51,1577,90,1545,102,1581,52
Henning Wilkner,1602,32,1594,80,1629,60,1606,73,1583,54
Holger Domdey,1602,31,1635,149,1621,48,1597,147,1584,44
Ralf Bühler,1601,35,1619,89,1604,65,1656,106,1580,53
Andreas Müller,1600,34,1641,50,1567,62,1565,84,1568,105
Bessim Bessim Oglou,1600,55,1706,120,1569,101,1590,132,1565,97
Bülent Acar,1600,32,1630,49,1578,142,1601,113,1574,48
Erdem Dikici,1600,44,1634,82,1597,104,1597,73,1554,106
Christian Würthwein,1599,27,1646,55,1565,60,1548,65,1609,41
Christoph Günthner,1599,27,1622,64,1600,48,1596,43,1565,90
Jonas Ruff,1599,54,1620,154,1612,112,1596,109,1586,84
Andreas Zillmann,1598,26,1669,46,1557,57,1587,57,1552,52
Celina Visconti,1598,24,1630,51,1588,43,1597,45,1579,53
Philip Smaczny,1598,32,1629,91,1592,58,1596,54,1591,71
Sascha Werle,1598,34,1626,97,1581,58,1615,69,1593,60
Sijon Joos,1597,42,1633,79,1593,74,1578,96,1568,94
Aryan Dayyani,1596,27,1602,108,1598,44,1605,56,1587,46
Christina Schneider-Radunovic,1596,39,1605,82,1611,81,1598,71,1570,79
Harald Reutter,1596,30,1618,47,1576,76,1554,110,1590,49
Ralf Kempermann,1596,28,1627,53,1582,56,1628,75,1568,47
Haci Eymir,1595,30,1625,64,1587,48,1603,56,1537,100
Manfred Waldvogel,1595,44,1599,102,1592,75,1598,89,1591,93
Abdullah Yesil,1594,43,1631,78,1581,76,1576,89,1572,119
Bernd Hafner,1594,82,1606,190,1575,172,1605,156,1590,149
Eduard Hartter,1594,46,1584,81,1593,134,1597,111,1601,76
Rouven Elischer,1594,29,1607,58,1586,54,1613,60,1569,61
Silvio Fadda,1594,32,1612,112,1579,48,1608,48,1572,133
Robert Bogdan,1593,33,1609,80,1594,61,1592,55,1574,81
Thomas Doussos,1593,59,1586,129,1619,106,1595,119,1560,124
Victor Rodriguez,1593,48,1601,117,1581,81,1610,79,1568,135
Aristidis Michailidis,1592,33,1633,53,1544,81,1571,77,1577,61
Eric Sorg,1592,33,1640,56,1565,87,1546,70,1584,59
Pascal Nissel,1592,31,1610,77,1576,58,1613,57,1576,60
Fikret Salic,1591,32,1624,149,1596,50,1592,48,1555,104
Goran Švab,1591,46,1595,76,1575,125,1607,109,1584,81
Osman Büyük,1591,31,1635,60,1554,97,1590,59,1571,52
Stephan Rau,1591,45,1641,97,1562,82,1601,82,1564,102
Andree Säubert,1590,29,1572,143,1579,48,1599,54,1598,54
Dominik Tonn,1590,30,1650,77,1593,51,1576,67,1568,53
Jürgen Trost,1590,42,1597,162,1563,115,1573,84,1604,58
Ramazan Akdag,1590,92,1602,227,1598,169,1581,194,1584,162
Wolfgang Siethoff,1590,36,1639,72,1552,100,1565,83,1583,54
Xhemajil Ibrahimi,1590,41,1648,73,1597,90,1526,93,1564,75
Marco Roll,1589,30,1636,50,1562,73,1590,89,1557,50
Thorsten Mohr,1589,29,1611,58,1602,56,1554,63,1584,54
Ahmet Yazici,1588,34,1622,76,1590,84,1579,63,1577,57
Franz Meschenmoser,1588,34,1639,76,1605,81,1574,71,1560,56
Gerald Ströbele,1587,30,1634,59,1559,62,1585,72,1573,51
Hendrik Snijder,1587,38,1624,73,1581,89,1588,109,1567,57
Markus Merz,1587,30,1597,83,1580,54,1575,77,1593,45
Moritz Rutkowski,1587,39,1597,80,1542,86,1627,69,1567,78
Sascha Hiller,1587,33,1631,58,1539,76,1588,63,1560,76
Sascha Sauer,1587,25,1630,42,1562,60,1568,52,1555,55
Stefan Neuberger,1587,42,1634,68,1556,102,1550,85,1572,91
Thomas Kielmann,1587,34,1624,54,1556,102,1570,144,1564,51
Timo Sillner,1587,80,1620,167,1572,167,1591,149,1569,156
Christoph Schadek,1586,49,1629,96,1589,100,1567,84,1554,119
Gerhard Junker,1586,60,1603,158,1589,113,1593,110,1566,113
Ivan Hodzic,1586,46,1614,80,1581,89,1570,90,1557,124
Saeid Heydarpour,1586,31,1579,93,1595,51,1593,50,1541,94
Eugen Spähn,1585,29,1607,47,1555,110,1590,81,1570,45
Marius Schrimpf,1585,37,1590,130,1582,78,1603,63,1568,63
Thomas Etowski,1585,44,1558,147,1550,83,1632,99,1591,68
Birger Tesnau,1584,28,1622,56,1570,81,1599,57,1554,45
Nic Woywodt,1584,27,1591,90,1581,46,1568,62,1593,44
Birol Caliskan,1583,55,1597,103,1598,129,1569,140,1570,90
Josip Ceko,1583,36,1594,71,1574,73,1582,63,1581,81
Raoul-Robert Ronto,1583,37,1615,75,1576,77,1563,87,1577,63
Robin Eisele,1583,51,1619,111,1552,119,1594,101,1569,87
Andreas Wittmeier,1582,24,1616,53,1593,46,1571,54,1557,44
Uwe Schmidt,1582,25,1622,60,1585,44,1567,50,1563,52
Marcel Roden,1581,39,1605,145,1581,68,1586,64,1564,82
Norbert Kabas,1581,44,1607,70,1576,107,1570,127,1557,78
Ramazan Yildirim,1581,80,1623,169,1567,168,1568,161,1571,146
Stephan Rech-Linker,1581,25,1635,47,1541,52,1593,55,1549,49
Yilmaz Aygün,1581,32,1561,81,1600,67,1622,70,1555,52
Hartmut Jäggle,1580,69,1581,202,1593,94,1565,175,1554,160
Mehmet Kirli,1580,37,1588,63,1579,72,1566,91,1581,74
Michelangelo Laurano,1580,56,1617,105,1567,91,1564,132,1562,138
Rolf Waible,1580,23,1603,47,1554,55,1583,50,1576,38
Thomas Schubert,1580,82,1591,209,1581,147,1596,166,1561,152
Harald Leder,1579,27,1556,83,1539,90,1587,51,1587,38
Herbert Schiele,1579,48,1615,82,1544,87,1592,109,1554,125
Konrad Bau,1579,31,1569,61,1606,68,1580,56,1566,63
Stephan Nimführ,1579,33,1608,104,1583,60,1604,71,1555,54
Zlatko Rosin,1579,31,1614,49,1546,59,1577,74,1547,83
Benno Amann,1578,31,1590,50,1562,142,1587,114,1568,45
Christian Gremmelspacher,1578,23,1596,63,1568,39,1592,37,1532,70
Christian Joos,1578,32,1600,101,1556,55,1589,54,1582,74
Florian Brugger,1578,62,1630,143,1568,155,1569,138,1563,92
Okan Ceken,1578,44,1587,151,1594,70,1569,151,1562,68
Thomas Sommer,1578,35,1613,50,1573,106,1546,78,1533,73
Witold Kabacinski,1578,53,1584,176,1578,84,1584,86,1557,144
Adhurim Tafa,1577,58,1625,129,1555,111,1588,126,1557,103
Gary Wong,1577,31,1549,69,1590,80,1593,45,1556,71
Matthias Wolf,1577,45,1616,83,1588,102,1558,120,1547,74
Thomas Teufel,1577,89,1613,197,1565,178,1576,172,1563,167
Thorsten Kartes,1577,50,1588,167,1600,91,1564,120,1563,76
Tobias Jung,1577,60,1602,161,1584,107,1563,101,1575,134
Adriano Viviani,1576,40,1540,128,1580,89,1595,72,1569,66
Johannes Seith,1576,57,1602,160,1556,87,1610,112,1556,134
Kevin Patrick Fischer,1576,59,1608,117,1586,102,1539,127,1556,140
Marcus Trumpp,1576,31,1569,131,1587,75,1580,44,1563,58
Bruno Miletic,1575,29,1604,70,1579,63,1568,49,1563,57
Efendi Cekerek,1575,29,1589,58,1571,64,1577,52,1559,64
Maximilian Hetjens,1575,77,1586,202,1564,136,1567,176,1584,131
Florian Staud,1574,29,1609,46,1519,102,1563,45,1535,80
Marcus Dienst,1574,40,1585,119,1576,63,1570,68,1566,102
Martin Frei,1574,33,1612,60,1539,105,1580,67,1545,57
Vanja Nikolic,1574,26,1608,51,1537,50,1577,48,1575,69
Önder Coskun,1574,31,1626,71,1546,66,1582,88,1564,46
Cong Phan Tran,1573,60,1636,150,1536,93,1598,137,1575,127
Daniel Schmid,1572,31,1575,77,1589,53,1567,63,1555,58
David Galwas,1572,24,1591,47,1581,42,1555,52,1548,57
Josef Wermes,1572,36,1625,105,1562,107,1566,58,1564,58
Kai Kiss,1572,43,1562,150,1585,63,1566,75,1548,115
Sven Götz,1572,40,1585,160,1559,58,1599,76,1563,88
Tobias Hirt,1572,28,1618,48,1561,66,1556,50,1523,67
Andreas Tschinkel,1571,40,1618,78,1564,98,1555,88,1550,67
Bernd Woitanowski,1571,25,1599,38,1519,85,1552,79,1557,39
Fabian Cecotti,1571,32,1571,50,1570,94,1578,53,1541,105
Fabian Metz,1571,32,1610,49,1559,57,1509,78,1557,93
Daniel Jarke,1570,42,1586,114,1549,92,1581,67,1561,79
Felix Böck,1570,35,1586,53,1555,105,1555,63,1565,85
David Birau,1569,62,1590,113,1547,142,1558,158,1567,103
Marius-Daniel Grigore-Martini,1569,27,1594,55,1562,49,1568,49,1544,74
Miodrag Adrian Caravila,1569,29,1591,65,1554,50,1584,49,1535,76
Sami Kadriolli,1569,83,1578,211,1576,149,1562,183,1563,143
Stefan Weiner,1569,40,1561,83,1563,90,1593,81,1560,70
Danny Engelhardt,1568,44,1551,100,1566,134,1589,89,1565,66
Hermann Krieger,1568,34,1583,68,1536,71,1598,62,1543,76
Jens Krknjak,1568,46,1579,77,1568,73,1565,139,1545,119
Matthias Orth,1568,58,1607,157,1549,117,1600,122,1547,92
Michal Radwan,1568,37,1593,77,1562,64,1566,66,1544,105
Phillip Rosenkranz,1568,56,1584,147,1557,151,1590,96,1546,92
Samuel Schleitzer,1568,50,1581,92,1548,98,1585,92,1546,125
Thomas Neumann,1568,34,1587,63,1529,116,1566,68,1564,55
Tien Dat Ngo,1568,56,1625,147,1553,91,1564,98,1562,141
Jürgen Häffner,1567,46,1598,79,1554,95,1549,87,1549,117
Markus Appenowitz,1567,31,1599,64,1578,64,1560,56,1534,63
Oliver Schwertschlager,1567,30,1584,48,1528,106,1565,125,1561,42
Orhan Cetin,1567,32,1604,56,1562,80,1591,84,1525,53
Alfredo Di Perna,1566,70,1579,136,1553,158,1578,136,1550,137
Antonio De Gois,1566,34,1572,56,1556,116,1577,67,1550,66
Claudio Pontuti,1566,31,1605,63,1547,70,1565,57,1542,63
Dirk Odenwälder,1566,30,1597,58,1577,72,1558,83,1544,47
Jörg Laupitz,1566,43,1564,165,1526,138,1589,64,1549,69
Kian Sohns,1566,34,1581,59,1569,78,1566,89,1552,58
Ronny Frank,1566,24,1600,59,1556,52,1575,44,1549,42
Süleyman Altinyaldiz,1566,38,1564,71,1556,67,1616,94,1547,78
Thomas Kühn,1566,37,1537,121,1580,57,1565,59,1533,126
Fersun Ünsel,1565,34,1610,69,1536,64,1565,67,1549,78
Gerhard Gryschka,1565,31,1562,53,1517,92,1610,60,1544,62
Woldai Wagner,1565,60,1577,177,1560,103,1583,137,1557,101
Achim Schwab,1564,68,1591,140,1563,135,1558,163,1550,117
Michael Strenski,1564,33,1602,68,1555,66,1597,126,1545,48
Tobias Petter,1564,69,1572,190,1551,162,1576,122,1557,114
Vuk Izidor Zelunka,1564,52,1572,103,1543,139,1528,118,1584,81
Bernd Dorenburg,1563,43,1594,93,1554,112,1579,81,1536,70
Christopher Hopp,1563,26,1588,60,1552,47,1581,47,1526,60
Felix Kern,1563,34,1550,84,1585,59,1562,65,1541,69
Jens Pfaff,1563,31,1589,62,1562,63,1580,71,1536,53
Markus König,1563,39,1580,68,1535,82,1570,95,1562,75
Yves Hamacher,1563,33,1565,53,1551,116,1586,103,1558,51
Sabine Stubits,1562,81,1585,175,1561,145,1555,178,1549,160
Thomas Dürr,1562,46,1567,75,1568,73,1547,139,1542,135
Thomas Zaltenbach,1562,84,1590,198,1553,161,1557,183,1558,144
Michael Keuker,1561,31,1580,77,1553,78,1559,58,1557,51
Frank Tatarkowski,1560,40,1571,100,1548,65,1584,72,1531,98
Lutz Brian,1560,32,1609,51,1525,85,1528,49,1545,129
Andreas Pauling,1559,27,1599,53,1530,54,1567,51,1536,56
Michael Breiner,1559,29,1580,86,1549,57,1581,50,1532,56
Roland Wacker,1559,34,1578,64,1532,83,1551,67,1564,61
Willi Ludwig,1559,39,1563,80,1560,91,1546,102,1561,60
Ümit Muslu,1559,30,1531,64,1573,50,1568,51,1527,115
Andreas Stüber,1558,37,1549,59,1564,71,1584,81,1531,106
Daniel Zmalec,1558,27,1573,107,1563,40,1552,41,1544,132
David Party,1558,34,1585,79,1539,61,1557,87,1561,56
Draoui El Mokhtar,1558,32,1573,87,1556,52,1586,72,1532,62
Frank Holly,1558,31,1567,51,1558,111,1537,117,1553,45
Hamza Benslimane,1558,64,1590,120,1534,133,1551,129,1549,132
Selim Güzel,1558,23,1593,38,1510,68,1561,54,1534,40
Stefan Krüger,1558,84,1594,182,1550,174,1553,181,1543,142
Ulrich Schäfer,1558,44,1584,90,1547,107,1553,74,1546,92
Kevin Wetzel,1557,27,1608,74,1554,46,1555,94,1544,42
Max Löhle,1557,63,1575,104,1549,118,1547,159,1542,142
Adrian Mernik,1556,60,1558,119,1557,145,1558,121,1552,107
Alexander Friederich,1556,52,1561,91,1552,138,1548,152,1555,82
Fabian Müller,1556,53,1563,169,1543,98,1566,90,1553,104
Jens Jung,1556,91,1563,226,1554,168,1568,178,1543,174
Lothar Enzenhöfer,1556,41,1603,80,1545,112,1549,80,1530,72
Luciano Abruzzese,1556,32,1584,71,1564,58,1546,55,1529,77
Markus Geßinger,1556,33,1561,49,1539,144,1544,147,1554,48
Michael Würz,1556,29,1599,72,1541,52,1554,55,1548,59
Uwe Lang,1556,31,1576,58,1583,78,1532,67,1541,55
Volker Gutzeit,1556,35,1590,64,1518,89,1529,72,1563,65
Alexander Baur,1555,40,1569,76,1562,86,1552,87,1537,75
Andreas Greitmann,1555,31,1585,47,1521,124,1536,134,1532,47
Bülent Güler,1555,26,1592,51,1557,61,1512,70,1544,42
Matthias Weigl,1555,42,1515,87,1583,63,1561,92,1521,117
Robert Bergmann,1555,94,1562,231,1545,188,1569,185,1547,167
Wilfried Scheibel,1555,56,1555,147,1524,106,1581,86,1539,141
Christian Iliadis,1554,53,1614,97,1545,146,1521,88,1531,114
Giovanni Genovese,1554,38,1579,63,1548,81,1535,88,1537,80
Jasim Ammar Jasim Al-Khazraji,1554,39,1585,81,1567,64,1537,83,1511,88
Markus Wörner,1554,24,1585,43,1523,49,1556,44,1532,63
Michael Rozmann,1554,71,1614,141,1518,147,1549,166,1537,124
Michael Schmitt,1553,41,1600,77,1540,83,1510,86,1551,87
Alexander Ponherr,1552,94,1571,218,1544,185,1557,181,1542,174
Eberhard Sauter,1552,26,1571,48,1522,60,1542,52,1561,50
Fiorenzo De Nuzzo,1552,27,1576,58,1542,50,1558,53,1534,58
Jens Butenschön,1552,34,1579,54,1536,110,1535,113,1535,52
Andreas Einsiedler,1551,34,1562,76,1534,69,1544,60,1567,66
Christian Späthe,1551,29,1517,91,1554,47,1564,48,1532,78
Ibrahim Erdogan,1551,35,1553,157,1562,55,1554,65,1526,74
Marcus Colmelet,1551,35,1574,55,1508,93,1547,58,1533,122
Preetam Bissessur,1551,35,1582,53,1534,79,1530,79,1519,83
Rasul Ghanavat,1551,47,1591,158,1548,74,1545,74,1546,140
Alexander Haass Aufn.: 20; Ø: 3.50,1550,99,1557,240,1539,194,1544,204,1559,169
Hayrettin Bozkurt,1550,44,1581,75,1507,103,1550,84,1536,99
Michael Hetjens,1550,54,1585,90,1534,148,1508,127,1540,94
Petra Braun,1550,32,1567,68,1544,62,1536,59,1556,65
Ali Cetin,1549,31,1563,60,1554,56,1545,69,1530,64
Ardalan Mirahmadi,1549,82,1555,210,1558,148,1542,166,1542,152
Besim Tastekin,1549,41,1539,136,1571,65,1539,76,1526,92
Carmen Leiser,1549,24,1562,55,1539,42,1557,46,1538,57
Hakan Toprak,1549,35,1599,72,1517,88,1530,66,1544,62
Heiko Thomas,1549,38,1584,83,1536,78,1549,78,1536,66
Holger Mayer,1549,67,1581,171,1562,137,1535,134,1538,111
Pavlos Korezelidis,1549,37,1554,73,1543,60,1561,74,1529,116
Sebastian Scherbinin,1549,29,1562,72,1541,51,1556,58,1545,57
Silvestar Smokovic,1549,31,1569,60,1555,61,1537,61,1531,68
Svenja Schwarzkopf,1549,28,1563,62,1538,54,1558,58,1541,52
Andreas Witzigmann,1548,30,1563,55,1525,58,1558,116,1549,49
Angelo Truisi,1548,34,1532,69,1564,57,1549,74,1537,80
Artur Kantz,1548,42,1557,87,1525,107,1565,76,1536,75
Frank Vorauer,1548,27,1566,54,1527,57,1543,67,1550,46
Murat Deniz,1548,89,1572,197,1540,180,1544,189,1541,155
Patrik Meyer,1547,89,1575,198,1540,180,1544,189,1538,156
Christoph Brandt,1546,90,1554,201,1554,165,1541,189,1534,169
Dominik Netzhammer,1546,34,1588,66,1525,67,1516,71,1551,67
Joshua Armbruster,1546,26,1563,44,1537,66,1555,66,1532,42
Michael Stegmaier,1546,81,1554,188,1558,161,1542,179,1537,134
Nikolai Kruhm,1546,33,1560,55,1523,94,1538,94,1544,52
Petar Krolo,1546,51,1539,127,1580,114,1561,84,1507,95
Reimar Sauter,1546,42,1587,76,1547,86,1525,96,1515,81
Riccardo Heinen,1546,33,1541,90,1536,58,1570,56,1528,70
Sascha Pick,1546,29,1555,46,1546,45,1543,98,1510,105
Asim Ramakic,1545,35,1569,77,1539,63,1558,62,1508,82
Daniel Sanchez Goncalves,1545,39,1588,65,1507,81,1544,92,1516,79
Gerhard Ehrenfried,1545,38,1543,89,1538,67,1568,71,1525,88
Simon Schaal,1545,37,1546,101,1571,66,1539,67,1517,78
Rainer Seemann,1544,49,1562,95,1538,102,1540,90,1534,104
Thomas Handler,1544,29,1546,65,1510,86,1562,55,1541,46
Viktor König,1544,27,1602,64,1531,46,1524,52,1541,60
Frank Rätz,1543,38,1556,75,1576,73,1515,60,1532,130
Hakan Söyler,1543,26,1488,65,1560,41,1555,45,1517,87
Manfred Wußler,1543,48,1542,79,1530,148,1535,151,1550,74
Michael Brüll,1543,48,1570,97,1517,109,1542,103,1539,80
Oliver Kruse,1543,62,1552,161,1560,125,1530,115,1539,108
Richy Hartmann,1543,31,1564,49,1566,118,1561,92,1515,48
Udo Kirchgeßner Aufn.: 5; Ø: 12.00,1543,98,1549,240,1533,194,1538,204,1551,169
Jörg Leiser,1542,29,1548,62,1552,47,1531,55,1526,87
Kadir Özturgut,1542,40,1559,62,1562,86,1507,112,1515,80
Kristian Kolthoff,1542,65,1546,187,1524,110,1564,113,1532,151
Rainer Hops,1542,30,1554,75,1553,59,1508,77,1544,47
Axel Zeh,1541,40,1564,93,1549,79,1538,114,1526,61
Björn Welte,1541,29,1492,111,1533,54,1551,68,1550,44
Hans Heuschmid,1541,38,1587,62,1498,89,1497,88,1535,71
Horst Hardtke,1541,31,1581,66,1468,88,1537,57,1545,53
Mathias Hornbach,1541,52,1531,97,1531,114,1549,131,1550,87
Michael Röhrle,1541,46,1577,88,1537,79,1489,121,1535,96
Patrick Bolduan,1541,38,1539,62,1529,126,1541,135,1546,58
Rainer Schönfeld,1541,39,1524,71,1573,85,1540,65,1534,111
Rolf Berkowitz,1541,75,1568,152,1525,140,1537,170,1537,142
Stefan Weber,1541,34,1557,52,1516,67,1537,77,1539,93
Hakan Yaratici,1540,40,1550,86,1539,98,1559,75,1519,69
Joachim Lechenbauer,1540,34,1583,55,1498,111,1509,102,1519,52
Marco Di Martino,1540,91,1545,225,1532,184,1548,176,1536,160
Sabrina Hammer,1540,72,1543,197,1550,119,1534,137,1528,156
Yunus Ayvaz,1540,60,1531,161,1554,103,1536,104,1530,134
Benjamin Hirschberger,1539,31,1501,76,1512,67,1547,70,1562,47
Jochen Fiedler,1539,33,1581,76,1530,97,1509,69,1539,48
Mario Kaiser,1539,32,1520,56,1532,71,1566,63,1543,68
Maxim Buchstab,1539,33,1509,68,1491,68,1561,63,1586,65
Patric Riedel,1539,49,1552,85,1556,126,1533,86,1514,112
Fatjon Balloshi,1538,73,1541,196,1537,126,1543,130,1528,156
Ferhat Cayli,1538,48,1592,82,1524,112,1494,82,1532,133
Hajredin Idrizi,1538,54,1562,113,1524,129,1552,102,1515,97
Harry Luxenhofer,1538,46,1551,89,1513,135,1552,122,1534,66
Jörg Schwager,1538,33,1563,58,1507,61,1542,57,1531,129
Karim Gampper,1538,41,1534,92,1546,76,1541,70,1520,102
Long Werner,1538,26,1569,52,1504,43,1560,47,1526,76
Marco Huber,1538,28,1598,53,1519,52,1509,50,1513,95
Robert Klinec,1538,27,1533,80,1532,42,1548,42,1512,122
Sait Pelit,1538,41,1567,77,1501,79,1554,78,1522,106
Sebastian Bartsch,1538,38,1506,95,1572,68,1548,81,1514,68
Stefan Kling,1538,61,1585,135,1509,142,1552,131,1518,96
Andreas Sattler,1537,60,1561,129,1514,132,1530,144,1539,96
Andreas Vetter,1537,57,1512,148,1553,131,1551,116,1530,88
André Hajdu,1537,89,1571,198,1518,165,1535,188,1533,168
Ivan Mikulic,1537,26,1568,102,1553,42,1509,52,1532,45
Phat Truong,1537,47,1523,139,1523,80,1557,81,1536,106
Zvonimir Jembrih,1537,33,1587,99,1500,79,1570,59,1513,53
Jürgen Steinmann,1536,33,1506,98,1534,47,1552,58,1518,132
Marco Seybold,1536,34,1536,53,1551,103,1524,135,1535,52
Oliver Hauke,1536,29,1527,67,1544,51,1550,74,1528,51
Tobias Kessler,1536,54,1573,142,1515,107,1550,93,1519,107
Alex Nusser,1535,91,1530,203,1528,181,1554,177,1526,169
Armin Stauß,1535,30,1550,64,1533,80,1529,51,1533,53
Bernd Füess,1535,30,1530,72,1538,50,1525,73,1540,57
Fabian Durst,1535,28,1539,60,1502,62,1547,61,1543,48
Jamil Dib,1535,40,1555,70,1521,79,1529,70,1525,123
Jens Clemens,1535,53,1542,125,1539,90,1531,152,1529,91
Sebastian Buccheri,1535,39,1564,74,1508,71,1535,70,1537,116
Stephan Maier,1535,67,1513,167,1572,122,1522,124,1519,138
Adham Mohamed,1534,51,1524,100,1552,88,1536,111,1515,113
Faton Dzini,1534,77,1532,183,1542,136,1535,153,1524,157
Florian Stubert,1534,35,1534,110,1525,55,1544,55,1524,133
Kurt Kempf,1534,33,1550,71,1525,59,1537,73,1528,63
Laith Tabakha,1534,81,1540,172,1539,145,1529,177,1525,159
Markus Lüft,1534,38,1521,118,1550,67,1538,71,1518,68
Michael Kunz,1534,91,1538,225,1551,167,1523,176,1525,173
Roland Sauter,1534,32,1558,83,1517,57,1546,60,1527,65
Volkmar Lorenz,1534,44,1529,115,1524,92,1545,84,1536,76
Yusa Tutucu,1534,42,1528,133,1529,67,1545,67,1516,128
Arman Rasoli,1533,47,1519,95,1545,87,1532,104,1534,92
Axel Schmucker,1533,34,1535,64,1520,73,1541,59,1531,81
David Nguyen,1533,86,1537,218,1544,164,1528,158,1524,168
Dominik Heinkele,1533,31,1539,47,1519,123,1533,58,1525,67
Habib Karadal,1533,65,1568,123,1528,153,1519,117,1516,133
Jannik Buchstab,1533,42,1509,108,1551,77,1522,95,1534,70
Ramin Raeisi,1533,49,1555,96,1524,108,1544,101,1514,88
Andreas Guenier,1532,39,1536,66,1520,133,1539,120,1528,58
Florian Pasch,1532,33,1534,88,1556,65,1538,64,1509,58
Horst Bendig,1532,39,1555,78,1529,86,1550,84,1507,66
Keven König,1532,34,1543,62,1526,59,1533,67,1514,118
Robert Tiffert,1532,49,1551,83,1523,123,1527,150,1520,80
Robin Kümmerle,1532,57,1520,165,1527,99,1546,93,1520,144
Simon Kemmerling,1532,29,1534,116,1524,42,1546,46,1501,106
Andreas Kiefer,1531,34,1497,64,1534,67,1571,81,1537,65
Hans Rothas,1531,82,1559,193,1522,157,1524,154,1527,161
Martin Brunsch,1531,78,1534,202,1525,170,1537,143,1527,132
Timur Susuz,1531,27,1512,53,1558,43,1513,51,1514,121
Dennis Rothaug,1530,57,1518,103,1521,137,1528,122,1547,103
Dieter Haberkorn,1530,53,1535,110,1524,137,1534,105,1528,87
Kevin Albert,1530,36,1536,95,1527,59,1531,61,1526,98
Klaus Woehrlin,1530,35,1564,62,1514,102,1495,87,1522,56
Rainer Kenzler,1530,59,1553,101,1511,102,1525,156,1524,140
Sven Kaupp,1530,31,1539,56,1516,59,1540,55,1510,90
Wilfried Schön,1530,34,1564,77,1536,73,1523,62,1510,63
Alexander Eck,1529,68,1518,146,1527,127,1545,126,1520,146
Gerold Konnerth,1529,59,1542,159,1525,103,1541,128,1521,103
Michael Reich,1529,22,1551,43,1558,50,1500,40,1515,48
Norman Wagner,1529,49,1543,122,1527,96,1508,87,1547,96
Thorsten Kappus,1529,33,1535,59,1493,68,1549,55,1521,129
Marco Schmitt,1528,53,1545,103,1554,108,1501,103,1514,114
Martin Brandt,1528,34,1560,95,1493,55,1552,57,1539,94
Nikolaus Gündel,1528,43,1526,149,1537,77,1519,73,1530,85
Simon Theodoropoulos,1528,40,1534,147,1516,61,1550,67,1512,101
Steffen Adler,1528,49,1529,166,1489,93,1558,80,1528,96
Stephan Kuka,1528,73,1549,160,1504,151,1525,169,1533,122
Tobias Werner,1528,36,1581,143,1532,58,1549,116,1513,55
Dirk Ostendorf,1527,91,1535,202,1522,182,1524,191,1528,159
Manuel Wissen,1527,30,1544,62,1500,62,1537,57,1524,57
Marc Kölling,1527,91,1531,226,1519,168,1541,177,1522,174
Marco Bunke,1527,38,1536,88,1512,68,1541,68,1518,83
Marco Zieger,1527,27,1530,43,1517,76,1538,45,1504,68
Martin Reinhardt,1527,28,1534,52,1521,58,1520,50,1535,72
Oliver Marx,1527,39,1527,73,1542,79,1547,89,1502,73
Ralf Mergel,1527,29,1537,44,1515,106,1487,125,1525,44
Alexander Garmatz,1526,92,1529,227,1529,169,1523,194,1522,161
Christian Utz,1526,64,1530,184,1523,107,1523,164,1528,104
Florian Geike,1526,75,1515,178,1548,133,1521,172,1511,135
Jonny Knapp,1526,27,1548,43,1531,82,1528,88,1502,43
Peter Thurm,1526,29,1554,75,1533,50,1480,124,1516,43
Ahmad Ayshe,1525,91,1527,226,1543,169,1522,194,1508,161
Andreas Rago,1525,31,1517,56,1496,116,1520,69,1539,48
Daniel Hirsch,1525,52,1527,101,1516,146,1505,105,1540,86
Esad Selim Gündüz,1525,52,1500,145,1524,102,1530,118,1531,80
Klaus Martin,1525,83,1529,210,1507,160,1534,155,1531,152
Mike Becker,1525,49,1536,86,1518,134,1534,110,1513,84
Paul Halton,1525,43,1548,73,1494,134,1512,128,1517,65
Dirk Rehtanz,1524,95,1527,233,1520,189,1537,188,1514,167
Joannis Fountoukas,1524,57,1528,177,1503,95,1544,94,1526,136
Raimund Wanner,1524,30,1530,59,1516,54,1534,54,1511,78
Stephan Mahler,1524,54,1528,114,1543,107,1516,116,1512,100
Tankred Volkmer,1524,44,1501,109,1519,69,1547,77,1507,126
Thomas Weniger,1524,44,1558,80,1522,80,1489,115,1507,89
Gordon Fenske,1523,25,1495,64,1557,42,1498,45,1518,62
Hayrettin Kurtoglu,1523,56,1535,137,1533,92,1509,113,1514,123
Maximilian Jentsch,1523,37,1502,125,1507,68,1535,62,1533,76
Olaf Schwarz,1523,30,1584,69,1538,55,1475,65,1505,54
Tolga Yasmut,1523,55,1542,109,1523,149,1539,124,1504,86
Alfred Stöcklein,1522,98,1525,239,1517,193,1519,204,1525,168
Andrei Deliman,1522,30,1513,67,1545,54,1524,54,1490,71
Marc Wagner,1522,31,1466,122,1527,47,1528,48,1499,134
Markus Graml,1522,54,1506,101,1529,128,1513,132,1535,88
Michael Götz,1522,55,1526,136,1521,94,1525,103,1517,124
Kristan Bailey,1521,71,1534,149,1514,146,1519,128,1517,148
Manfred Sieweke,1521,41,1538,65,1521,72,1496,126,1499,94
Mergim Zekaj,1521,54,1518,94,1510,120,1537,102,1517,127
Nuhid Serifovic,1521,39,1553,78,1497,77,1519,75,1513,83
Pascal Sanna,1521,27,1521,50,1512,64,1518,63,1526,44
Thorsten Rammer,1521,37,1522,158,1519,58,1494,92,1535,60
Thorsten Roth,1521,72,1522,176,1526,150,1510,147,1525,119
Wilmer Rivera Bruno,1521,91,1547,208,1506,166,1521,192,1521,171
Alexander Fischer,1520,26,1519,55,1495,52,1532,54,1533,48
Matthias Maier,1520,45,1542,75,1511,75,1487,121,1519,118
Mike Belke,1520,81,1537,185,1517,171,1508,165,1522,140
Phillip Woods,1520,69,1521,192,1531,116,1511,123,1514,153
Sukhbat Batjargal,1520,48,1546,93,1521,110,1508,78,1500,125
Mario Jurica,1519,66,1569,142,1520,155,1495,109,1510,135
Martin Weber,1519,31,1508,58,1548,69,1528,86,1510,48
Peter Koch,1519,45,1549,79,1494,102,1506,78,1515,112
Sabine Hort,1519,32,1524,72,1525,58,1517,57,1510,77
Tobias Sven Stockenberger,1519,53,1505,113,1480,99,1565,102,1526,114
Armin Reidel,1518,33,1532,58,1524,86,1514,90,1506,52
Bernd Schmidt,1518,40,1561,69,1480,95,1502,99,1502,72
Catalin-Florin Petrescu,1518,73,1515,142,1516,161,1543,156,1504,130
Cem Sarigül,1518,53,1546,143,1526,106,1494,90,1527,101
Fabian Thoma-Schuck,1518,37,1486,60,1577,98,1532,96,1524,64
Günther Bastian,1518,47,1522,140,1503,82,1551,80,1483,104
Günther Götz,1518,31,1544,48,1508,124,1477,134,1500,46
Jürgen Porzelt,1518,40,1554,63,1511,74,1456,96,1503,117
Pascal Ziegler,1518,81,1510,186,1530,145,1517,163,1511,160
Qayssar Al Saedi,1518,91,1521,225,1515,184,1525,176,1513,160
Sander Damrau,1518,41,1550,146,1522,68,1509,73,1514,88
Theo Georgoudious,1518,38,1547,62,1490,105,1493,97,1509,64
Thomas Stoll,1518,36,1535,59,1487,124,1534,112,1506,56
Tobias Küderle,1518,38,1552,64,1475,83,1512,73,1508,100
Bernhard Sutor,1517,30,1529,58,1486,51,1540,62,1529,79
Daniel Montfort,1517,82,1520,208,1538,159,1496,153,1517,151
Detlef Ratz,1517,25,1471,63,1502,80,1512,45,1540,37
Thomas Durst,1517,31,1515,91,1521,47,1514,48,1511,131
Peter Gemeinhardt,1516,41,1571,78,1476,82,1492,75,1527,94
Rebeca Romero Ulloa,1516,89,1529,199,1509,164,1515,188,1514,168
Sven Wezstein,1516,25,1500,46,1496,58,1548,42,1499,59
Tobias Auer,1516,43,1508,69,1499,120,1519,130,1527,69
Yasar Mak,1516,39,1520,146,1513,73,1518,62,1513,79
Dirk Windecker,1515,27,1509,131,1504,56,1525,41,1511,48
Kristijan Skokic,1515,57,1502,107,1534,106,1512,110,1508,137
Martin Wistuba,1515,45,1529,82,1518,92,1500,90,1507,98
Thomas Wochner,1515,67,1515,169,1525,115,1506,125,1510,149
Bersan Cavildak,1514,94,1515,231,1518,171,1512,187,1510,177
Chayangkun Phawongram,1514,89,1529,198,1513,180,1513,189,1505,156
Flaviano Gabriele,1514,29,1494,90,1494,45,1539,44,1506,131
Julian Tremmel,1514,74,1539,150,1512,161,1495,135,1513,150
Sebastiano Ratto,1514,33,1554,84,1484,66,1523,69,1512,56
Uwe Machalett,1514,38,1545,69,1473,93,1508,86,1511,65
Erwin Thoma,1513,30,1530,57,1516,56,1491,57,1519,73
Frank Weiß,1513,74,1500,151,1528,139,1511,169,1511,141
Peter Link,1513,27,1508,49,1525,48,1502,52,1519,80
Stefan Lorenz,1513,34,1550,64,1452,92,1509,81,1509,55
Christian Kälbli,1512,29,1548,48,1468,56,1505,89,1508,61
Halil Seker,1512,71,1529,150,1500,124,1512,152,1512,149
Maurizio Giannachi,1512,91,1514,226,1508,168,1517,177,1509,174
Andreas Gut,1511,46,1528,83,1511,114,1499,76,1508,108
Andreas Reisinger,1511,52,1498,114,1528,103,1512,83,1500,128
Christian Lorenz,1511,60,1531,160,1511,103,1493,117,1518,120
Franz Hochenegg,1511,62,1505,124,1505,153,1499,135,1525,100
Marc-Andre Barisch,1511,33,1529,60,1502,79,1489,96,1508,52
Nils Dannhauer,1511,32,1527,57,1514,72,1515,79,1492,56
Patrick Regan,1511,91,1512,227,1522,168,1503,178,1508,174
Tobias Reisner,1511,43,1508,104,1530,103,1481,80,1526,69
Zoltan Kelemen,1511,31,1522,46,1471,84,1500,94,1518,55
Andreas Dittrich,1510,31,1521,119,1504,49,1513,48,1509,86
Dieter Woitanowski,1510,91,1512,225,1508,184,1512,176,1509,160
Jens Todt,1510,53,1511,169,1509,86,1490,118,1523,92
Pascal Habiger,1510,35,1528,58,1486,83,1496,60,1529,101
Sven Dastig,1510,56,1527,156,1485,99,1509,113,1532,104
Thomas Tischmann,1510,40,1539,70,1495,80,1492,71,1510,131
Bernd Schröder,1509,40,1517,69,1526,118,1493,123,1503,60
Hassan Najjar,1509,29,1498,135,1500,44,1518,44,1508,92
Joao Rodrigues,1509,33,1557,66,1492,72,1523,74,1480,55
Lutz Denk,1509,70,1521,146,1498,137,1508,165,1509,123
Murat Dervisi,1509,44,1502,79,1558,106,1494,83,1499,92
Uwe Barth,1509,37,1510,56,1506,141,1507,92,1508,62
Achim Schmittel,1508,52,1528,87,1484,136,1494,116,1507,96
Alexander Hemmer,1508,47,1484,89,1527,78,1520,104,1490,118
Alexandru Szabo,1508,43,1535,122,1527,87,1486,72,1508,85
Antonio Nuzziello,1508,32,1533,45,1508,77,1445,90,1483,73
Kevin Feichtinger,1508,43,1483,100,1507,85,1521,77,1511,86
Martin Seyfer,1508,91,1508,226,1520,167,1497,176,1505,173
Maximilian Arnt,1508,33,1519,92,1500,55,1512,58,1506,73
Mehmet Gürbüz,1508,84,1510,173,1506,173,1507,181,1508,149
Udo Gleich,1508,40,1496,82,1533,84,1505,74,1499,84
Andreas Rapp,1507,60,1462,163,1492,99,1547,103,1497,145
Michael Müns,1507,49,1555,84,1473,87,1468,138,1507,108
Michael Reiser,1507,34,1521,55,1501,83,1507,62,1476,88
Michael Schulz,1507,62,1524,120,1486,107,1519,135,1510,141
Nicole Hummel,1507,46,1517,109,1500,90,1528,94,1490,83
Sagar Paul,1507,52,1498,100,1495,115,1527,87,1491,126
Sebastian Oswald,1507,48,1521,96,1516,103,1493,96,1501,89
Veit Heller,1507,71,1509,191,1489,126,1518,136,1515,135
Wolfgang Laun,1507,42,1533,77,1505,91,1493,87,1492,82
Yannick Redl,1507,91,1508,227,1516,169,1500,177,1505,174
Harun Ahmadi,1506,29,1517,63,1506,53,1481,59,1519,55
Michael Trost,1506,83,1507,211,1501,149,1505,183,1511,143
Oliver Eisele,1506,56,1520,102,1521,110,1490,132,1486,111
Frank Flach,1505,56,1488,109,1536,107,1498,123,1494,110
Saman Hadi,1505,32,1538,113,1518,53,1484,49,1520,95
Zeki-Kaan Koyun,1505,70,1503,147,1482,146,1525,127,1504,148
Anastasios Kagelidis,1504,27,1516,56,1476,64,1514,54,1503,47
Andreas Penckwitt,1504,49,1505,95,1535,111,1458,109,1511,84
Andreas Picl,1504,84,1504,212,1521,153,1500,169,1492,154
Arash Dayyani,1504,30,1509,58,1494,64,1504,64,1505,54
Liem Dang Ngoc,1504,52,1536,119,1470,96,1518,105,1507,100
Norbert Ritschel,1504,31,1495,63,1501,66,1506,59,1511,61
Ralf Annamaier,1504,35,1505,58,1514,94,1458,118,1510,56
Saif Azzawi,1504,46,1532,90,1499,75,1479,95,1506,133
Ernad Dindic,1503,76,1506,171,1510,132,1491,159,1502,155
Erol Ag,1503,36,1486,78,1476,71,1550,72,1501,67
Marcus Wittner,1503,32,1478,89,1514,54,1502,49,1501,101
Roberto D`Elia,1503,32,1558,129,1502,47,1494,48,1508,126
Alfred Rutkowski,1502,30,1465,56,1531,54,1508,80,1506,55
Marvin Schiele,1502,35,1476,76,1506,53,1515,95,1509,72
Oliver Kandula,1502,41,1522,71,1466,111,1464,105,1512,68
Ottmar Auzinger,1502,27,1479,56,1526,49,1475,56,1521,54
Reaven Zhang,1502,74,1494,161,1508,130,1502,156,1500,152
Seong-Jin Kim,1502,33,1478,103,1505,55,1497,56,1521,76
Thomas Enge,1502,47,1518,79,1502,145,1487,75,1503,134
Yves Jordan,1502,54,1510,115,1525,111,1488,102,1491,104
Boris Golic,1501,30,1490,59,1506,59,1513,47,1471,95
Kurt Saller,1501,32,1519,59,1534,58,1445,70,1483,70
Niklas Weiß,1501,38,1474,126,1542,63,1496,72,1460,73
Sven Gehrisch,1501,29,1471,87,1515,45,1505,58,1483,65
Frank Schwenk,1500,32,1545,52,1467,76,1469,63,1483,78
Jürgen Wilke,1500,48,1491,131,1480,88,1522,78,1494,114
Marius Thomanek,1500,48,1527,87,1497,119,1535,122,1465,79
Mathias Hehle,1500,49,1510,95,1487,80,1499,107,1512,121
Peter Arndt Marroquin,1500,53,1495,98,1481,137,1490,142,1513,83
Petra Sannwald,1500,31,1527,69,1474,57,1507,58,1503,68
Philip Kammnick,1500,32,1504,71,1486,62,1507,60,1505,67
Andy Laue,1499,90,1499,204,1499,182,1499,191,1500,157
Christoph Tropschuh,1499,32,1503,59,1520,73,1505,72,1477,58
Daniel Kleine,1499,62,1490,165,1470,105,1532,105,1500,146
Michael Minnerop,1499,31,1508,54,1476,66,1505,48,1500,129
Mirsad Sabic,1499,27,1500,43,1474,91,1501,49,1503,60
Thomas Drey,1499,31,1442,80,1487,73,1511,51,1520,55
Ulf Bojus,1499,80,1496,205,1485,157,1524,145,1486,149
Ulrich Oswald,1499,32,1512,79,1497,83,1499,51,1494,58
Emrah Atak,1498,43,1426,115,1475,84,1536,64,1482,119
Franz Miehle,1498,40,1529,68,1498,84,1459,88,1485,83
Heiko Difflipp,1498,32,1515,56,1499,60,1493,64,1465,88
Jürgen Pallmer,1498,71,1515,141,1502,136,1474,143,1499,148
Manuel Kreuz,1498,91,1497,225,1508,167,1488,175,1498,173
Michael Psarras,1498,43,1508,95,1505,71,1489,86,1486,107
Michael Straub,1498,34,1492,63,1514,69,1482,78,1501,69
Tom Mischner,1498,37,1436,115,1525,63,1498,58,1478,102
Yahya Bouchikhi,1498,64,1533,126,1473,125,1500,147,1487,120
Gerold Birmili,1497,43,1484,82,1460,89,1525,73,1514,111
Giuseppe Dellaquercia,1497,27,1490,57,1473,64,1504,56,1508,44
Jürgen Götting,1497,29,1483,85,1509,44,1463,58,1518,61
Peter Mielke,1497,65,1483,140,1489,133,1525,132,1490,120
Roland Menrath,1497,37,1566,83,1469,82,1486,64,1479,74
Sabrina Heinze,1497,87,1496,219,1503,152,1490,172,1497,169
Antonio Pejic,1496,35,1497,61,1499,68,1492,69,1497,88
Massimo Gabriele,1496,76,1496,201,1484,134,1507,139,1498,159
Michael Metzger,1496,25,1440,67,1459,54,1541,50,1507,41
Pietro Calo,1496,31,1476,52,1501,91,1517,91,1506,49
Tien Tan Nguyen,1496,69,1496,192,1488,117,1504,122,1498,153
Anil Celikbilek,1495,65,1484,131,1501,132,1503,139,1492,119
Axel Klimmer,1495,32,1511,50,1503,83,1473,53,1508,109
Bianca Heneka,1495,22,1506,39,1499,54,1476,39,1503,51
Hardi Engel,1495,38,1539,69,1486,75,1449,92,1481,74
Mathias Laskus,1495,56,1506,123,1491,122,1489,132,1494,89
Nicholas Hoeldtke,1495,92,1493,227,1510,169,1495,194,1481,162
Nikolai Lupena,1495,71,1485,159,1508,137,1490,126,1494,149
Oliver Kother,1495,82,1493,187,1498,158,1496,179,1494,141
Dietmar Helfrich,1494,41,1501,85,1512,71,1472,84,1482,91
Fabian Rapp,1494,45,1515,97,1486,106,1494,88,1485,76
Joachim Höllwarth,1494,44,1503,75,1498,98,1461,95,1510,91
Kevin Künstler,1494,36,1478,73,1465,99,1498,84,1509,55
Krischan Dostal,1494,42,1512,71,1496,97,1487,103,1475,78
Marco Klotzer,1494,65,1504,129,1491,144,1496,160,1488,105
Max Piepke,1494,98,1493,239,1492,175,1495,203,1496,182
Stefan Süß,1494,30,1505,60,1495,51,1494,60,1470,81
Thorsten Möhle,1494,51,1514,127,1491,82,1490,96,1488,128
Enrique Gonzales Vitores,1493,95,1489,210,1494,186,1494,197,1494,175
Marcus Elfenthal,1493,32,1483,54,1514,88,1497,86,1493,51
Max Miedzianowski,1493,92,1491,227,1499,169,1493,194,1486,162
Sascha Nyffeler,1493,45,1484,154,1477,69,1515,73,1487,131
Thomas Hirschberger,1493,47,1498,82,1490,126,1497,121,1488,76
Andreas Schmid,1492,38,1507,57,1483,85,1466,84,1489,104
Benjamin Ropertz,1492,33,1475,68,1510,68,1479,82,1498,56
Hans-Peter Benzinger,1492,59,1464,105,1496,141,1513,134,1507,106
Jörg Claassen,1492,35,1464,76,1485,70,1534,73,1487,62
Patrick Coklica,1492,45,1467,93,1523,80,1486,100,1481,92
Peter Stadelmaier,1492,61,1482,108,1493,150,1499,105,1493,139
Claus Altendorf,1491,31,1478,51,1491,55,1517,91,1499,65
Darko Sattler,1491,90,1486,202,1491,165,1491,190,1492,169
Ewald Bausch,1491,44,1480,84,1515,83,1477,104,1486,86
Ingo Fehr,1491,31,1530,115,1483,47,1490,48,1503,125
Lars Jäger,1491,46,1471,89,1524,107,1475,108,1496,76
Vy Le Tuong,1491,39,1463,121,1517,63,1483,64,1467,95
Dario Dakovic,1490,39,1501,65,1450,101,1476,87,1503,70
Luka Fuchs,1490,41,1482,120,1514,74,1485,68,1469,90
Sascha Link,1490,52,1517,104,1478,95,1480,107,1485,115
Steffen Röschinger,1490,64,1485,124,1489,144,1497,136,1490,114
Zlatko Martinovic,1490,90,1486,200,1492,181,1491,190,1491,156
Alexander Gabat,1489,29,1513,75,1503,89,1469,48,1495,49
Peter Schmidt,1489,28,1483,49,1480,65,1501,54,1489,56
Roberto Savcic,1489,56,1477,121,1516,110,1467,114,1492,106
Sven Schulz,1489,38,1509,117,1484,70,1454,89,1502,60
Vithyea Thorn,1489,91,1487,227,1500,168,1476,178,1491,174
Jürgen Müller,1488,36,1491,63,1496,112,1442,107,1495,52
Lepoleon Weatherspoon,1488,51,1468,140,1481,89,1496,113,1499,87
Martin Repp,1488,29,1531,74,1491,53,1466,52,1483,57
Mirjan Hidri,1488,56,1503,107,1474,124,1479,123,1489,97
Thomas Höger,1488,30,1482,116,1512,45,1477,49,1449,79
Timo Heim,1488,34,1516,66,1473,66,1481,62,1484,82
Tomislav Knezevic,1488,62,1502,113,1494,154,1491,159,1473,100
Daniel Lehmann,1487,82,1485,209,1472,159,1500,154,1489,151
Lukas Marx,1487,55,1505,108,1456,105,1491,103,1500,128
Lynn Kohl,1487,80,1489,167,1490,167,1480,149,1490,156
Mathias Frey,1487,45,1485,132,1511,73,1472,78,1466,103
Matthias Adler,1487,55,1453,99,1500,90,1520,131,1489,137
Niklas Materia,1487,66,1515,129,1496,158,1492,162,1462,105
Ralf Markanycz,1487,86,1486,218,1520,163,1455,159,1489,168
Siegbert Müller,1487,34,1497,69,1484,64,1474,64,1495,78
Tobias Wetzel,1487,37,1505,100,1500,63,1470,58,1489,124
Viet Anh Nguyen,1487,64,1474,126,1459,124,1530,127,1487,133
Andreas Böhme,1486,30,1476,51,1492,66,1518,112,1485,48
Ingo Maier,1486,50,1513,100,1472,119,1466,122,1484,80
Marcel Biegler,1486,81,1471,172,1497,156,1487,177,1485,148
Tom Wacker,1486,42,1500,73,1503,117,1467,90,1478,75
Arzic Omer,1485,91,1483,226,1489,184,1489,177,1481,161
Carmelo Visconti,1485,30,1492,51,1473,62,1474,67,1500,66
Dimitrios Vafiadis,1485,81,1486,172,1495,154,1469,162,1488,158
Julian Wolf,1485,89,1487,197,1488,178,1476,171,1489,167
Simon Bernecker,1485,39,1487,87,1481,71,1495,76,1475,81
Stephan Moser,1485,73,1496,176,1483,150,1477,122,1491,153
Francesco Dragotta,1484,44,1443,97,1492,74,1499,83,1491,102
Janin Oesterle,1484,53,1504,88,1508,121,1452,100,1470,128
Mark Hast,1484,34,1495,50,1488,88,1470,68,1474,85
Markus Wetzel,1484,34,1516,129,1480,52,1483,54,1479,113
Muho Dizdarevic,1484,88,1490,196,1487,178,1472,171,1489,166
Mustafa Basaran,1484,56,1475,131,1472,99,1511,109,1477,117
Florian Trifan,1483,88,1480,220,1487,181,1486,174,1478,149
Mario Rosenkranz,1483,64,1494,157,1481,134,1485,112,1477,121
Phi Dang,1483,65,1481,155,1495,108,1467,123,1486,146
Carlos Weber,1482,64,1494,124,1492,141,1462,116,1488,132
Gürhan Ag,1482,44,1477,79,1481,87,1464,118,1498,79
Jacco van de Streek,1482,65,1466,126,1482,118,1500,147,1486,136
Julian Schank,1482,49,1464,117,1473,86,1501,81,1478,127
Matthias Bader,1482,56,1489,116,1475,123,1456,141,1492,89
Michael Killian,1482,29,1467,136,1491,44,1453,108,1478,43
Paul Ehrlich,1482,85,1492,195,1487,175,1478,169,1476,152
Uwe Bitsch,1482,32,1477,55,1477,123,1493,76,1482,48
Gerald Rastetter,1481,34,1474,64,1494,73,1499,61,1451,73
Jan Weber,1481,43,1461,94,1498,89,1485,73,1476,92
Joachim Bruggesser,1481,49,1471,136,1500,78,1461,84,1485,129
Marco Conrad,1481,64,1464,142,1479,125,1500,129,1479,119
Udo Koppenhöfer,1481,35,1469,94,1458,86,1484,69,1492,53
Wolfgang Heiler,1481,35,1488,61,1493,58,1452,87,1470,94
Achim Wendeler,1480,50,1499,124,1475,96,1453,115,1488,81
Alexander Gohlke,1480,75,1470,152,1484,164,1482,171,1484,126
Andreas Knauf,1480,34,1471,67,1438,83,1486,70,1502,57
Dennis Göricke,1480,76,1491,181,1483,166,1452,147,1493,129
Dietmar Horst,1480,35,1490,92,1478,71,1482,87,1477,53
Florian Schwägler,1480,30,1491,52,1465,57,1481,54,1478,104
Jonny Stojanovic,1480,61,1510,122,1470,112,1473,126,1469,132
Nikola Kremer,1480,91,1477,226,1474,169,1482,194,1485,161
Rainer Heilmann,1480,26,1482,59,1482,56,1467,44,1493,52
Simon Conrad,1480,37,1492,70,1475,94,1447,85,1491,62
Arno Marotz,1479,33,1446,77,1499,55,1492,60,1438,90
Besnik Shkemza,1479,30,1472,48,1452,75,1501,70,1491,59
Damir Pran,1479,50,1442,145,1460,84,1507,78,1477,139
Peter Polzer,1479,93,1477,229,1484,186,1478,182,1479,163
Timo Lipski,1479,30,1458,56,1457,70,1515,63,1487,56
Dusan Livaja,1478,68,1464,144,1502,135,1466,123,1481,146
Eyvinh Polvito,1478,46,1442,127,1487,85,1489,74,1468,104
Hikmet Yüksel,1478,58,1477,106,1483,140,1504,133,1462,100
Markus Löscher,1478,40,1496,66,1470,86,1456,74,1489,123
Sascha Baltschukat,1478,56,1500,99,1476,123,1450,104,1485,137
Stefan Herms,1478,68,1463,132,1481,159,1480,164,1486,111
Steffen Feuerbacher,1478,32,1486,66,1481,54,1463,58,1487,89
Grofo Gomann,1477,92,1474,228,1486,168,1464,180,1482,174
Helmut Motsch,1477,95,1464,208,1480,186,1479,196,1481,174
Joachim Koepke,1477,38,1440,78,1452,84,1474,125,1508,56
Mark Epple,1477,48,1459,151,1473,96,1469,85,1493,84
Peter Baur,1477,31,1458,76,1464,55,1505,90,1487,49
Stephan Boschert,1477,33,1468,54,1473,97,1488,78,1481,59
Joel Louis Egon Strohmayer,1476,40,1438,139,1492,72,1484,71,1459,75
Lutz Jeschke,1476,33,1435,110,1470,52,1499,53,1457,91
Steffen Höfer-Achatz,1476,87,1473,218,1471,165,1478,188,1480,147
Ahmad Nassar,1475,47,1468,92,1500,80,1445,98,1477,125
Christos Minokoglou,1475,48,1459,92,1487,109,1474,78,1493,118
Dietmar Lübke,1475,63,1448,120,1495,142,1484,111,1479,141
Felix Häntschel,1475,35,1465,72,1490,63,1459,80,1480,71
Johannes Mai,1475,50,1449,122,1476,87,1482,97,1482,100
Ralf Krebs,1475,43,1452,79,1454,87,1507,84,1493,102
Stephan Kathari,1475,92,1472,226,1480,184,1466,177,1481,162
Eugenio Sousa Blanco,1474,59,1455,131,1477,155,1475,159,1480,81
Florian Walther,1474,31,1454,58,1461,76,1500,52,1469,74
Frank Diedrich,1474,30,1480,62,1468,66,1476,61,1470,56
Janis Lenz,1474,67,1468,128,1490,143,1463,124,1480,144
Marc Allinger,1474,30,1463,64,1476,58,1479,52,1473,79
Muzaffer Günay,1474,65,1435,121,1481,154,1514,139,1477,115
Peter Brehm,1474,66,1470,187,1490,113,1477,166,1460,109
Yilmaz Bulut,1474,74,1457,146,1458,148,1491,155,1489,143
Andreas Dirlewanger,1473,53,1466,107,1485,136,1421,112,1503,87
Eric Braun,1473,44,1477,76,1455,99,1496,100,1464,84
Felix Gloge,1473,89,1473,199,1462,165,1476,189,1481,168
Jens Murat,1473,41,1446,103,1449,77,1500,64,1476,112
Jürgen Kieble,1473,43,1472,93,1452,78,1494,79,1475,94
Michael Martini,1473,92,1469,227,1479,169,1476,194,1468,161
Tobias Walz,1473,32,1405,89,1463,60,1508,53,1470,64
Umut Akinci,1473,63,1477,120,1480,152,1462,105,1481,141
Ervin Lika,1472,55,1449,107,1438,130,1469,153,1503,86
Robert Zivanovic,1472,42,1463,73,1495,112,1469,120,1472,67
Simon Stoß,1472,59,1493,106,1461,108,1448,127,1481,139
Thomas Müller,1472,58,1460,135,1463,102,1470,114,1494,118
Alexander Egger,1471,36,1454,83,1447,91,1506,69,1464,59
Damir Kucis,1471,57,1464,137,1474,110,1465,95,1482,124
Daniel Naumann,1471,66,1490,152,1484,134,1449,123,1469,127
Hans-Henning Schmid,1471,35,1478,60,1467,86,1430,87,1488,62
Leonhard Klecker,1471,47,1471,117,1467,75,1472,101,1478,100
Mark Pfaffenrodt,1471,32,1432,85,1456,59,1501,63,1478,56
Nikolaus Blum,1471,36,1436,99,1488,62,1457,107,1471,54
Pascal Cecotti,1471,32,1460,57,1487,94,1429,84,1488,49
Sebastian Zinck,1471,89,1456,198,1476,178,1473,172,1476,167
Thomas Vincenzo Campo,1471,69,1473,158,1514,137,1422,133,1477,130
Abdul Mecit Kul,1470,63,1473,131,1461,141,1472,121,1472,119
Cüneyt Öner,1470,92,1448,213,1478,168,1472,193,1474,173
Mahmoud Alkamil,1470,52,1499,87,1452,100,1451,113,1463,126
Ronald Rogge,1470,34,1456,82,1456,73,1480,77,1478,53
Sascha Rißmann,1470,91,1432,207,1493,167,1470,191,1470,171
Christian Di Lella,1469,69,1461,156,1458,129,1480,124,1477,148
Henrique Barbosa,1469,69,1466,191,1498,118,1437,120,1475,153
Jonas Entenmann,1469,65,1444,131,1478,142,1481,128,1474,119
Matthias Raible,1469,59,1441,111,1475,150,1497,105,1463,122
Silke Brand,1469,35,1458,67,1473,69,1478,81,1469,63
Thomas Munz,1469,58,1433,144,1489,134,1482,104,1464,98
Andreas Schoknecht,1468,46,1483,94,1444,90,1433,129,1488,75
Christoph Devine,1468,50,1418,100,1501,84,1484,105,1454,119
Frederik Nyberg,1468,56,1446,129,1457,105,1495,98,1461,122
Guido Ulmer,1468,44,1484,96,1466,76,1444,83,1490,106
Luciano Galman,1468,58,1456,123,1472,110,1480,113,1460,123
Manfred Kalliehs,1468,38,1455,64,1473,111,1474,109,1476,60
Mike Siege,1468,47,1468,99,1470,95,1454,87,1481,96
Abdulhussain Nad Ali,1467,91,1455,208,1465,167,1470,192,1474,171
Bernhard Flamm,1467,47,1439,103,1491,81,1479,95,1442,108
Dennis Knoblauch,1467,45,1482,123,1481,75,1433,94,1469,87
Fabio Li Vigni,1467,56,1460,130,1465,104,1462,120,1477,101
Alex Wei,1466,81,1449,171,1472,170,1470,178,1472,138
Dennis Dreissigacker,1466,39,1422,92,1460,106,1498,75,1468,62
Dimitrios Stotoglou,1466,42,1442,102,1477,67,1467,73,1464,120
René Wieczorek,1466,34,1495,61,1454,93,1425,93,1463,53
Dixi,1465,72,1444,147,1471,130,1469,166,1476,139
Marvin Diedrich,1465,56,1454,126,1531,115,1456,132,1435,89
Marvin Szymiczek,1465,38,1446,77,1491,74,1470,68,1443,87
Mohammed Saleh Haji Goyan,1465,88,1461,221,1457,155,1467,176,1474,171
Peggy Eisele,1465,29,1467,61,1452,57,1479,57,1463,55
Stefanie Arndt,1465,41,1457,99,1465,90,1464,85,1469,67
Bernd Umann,1464,64,1454,124,1460,144,1500,147,1455,109
Dirk Hafner,1464,33,1444,85,1469,57,1473,56,1452,80
Florian Bühler,1464,84,1453,197,1466,161,1467,183,1466,144
Mauro Di Gennaro,1464,66,1468,123,1457,135,1457,129,1474,143
Rachel Silva,1464,98,1460,239,1454,175,1468,203,1473,182
Ralf Kempermann Aufn.: 1; Ø: 0.00,1464,101,1459,244,1472,196,1468,207,1458,175
Tobias Simmon,1464,67,1450,128,1470,127,1470,153,1466,136
Athanasios Sarafoudis,1463,65,1487,145,1448,126,1452,111,1478,144
Frank Diedrich Aufn.: 1; Ø: 0.00,1463,100,1457,244,1471,196,1467,207,1456,174
Heiko Heinrich,1463,80,1443,168,1479,155,1467,176,1462,147
Klaus Dietrich,1463,40,1439,75,1460,82,1478,70,1481,101
Manuel Aschenbrenner,1463,40,1461,79,1476,83,1455,76,1462,82
Andreas Decker,1462,64,1442,139,1478,126,1460,146,1464,110
Aydin Yaray,1462,49,1437,87,1474,101,1479,92,1465,125
Dominik Krenzer,1462,36,1470,60,1456,94,1452,65,1471,88
Fabian Gruber,1462,51,1429,124,1470,114,1433,98,1494,85
Jörg Heinze,1462,91,1457,225,1469,184,1455,176,1466,160
Karsten Mieskes,1462,40,1455,68,1502,102,1436,126,1459,61
Ulrich Märkle,1462,55,1423,134,1485,98,1458,100,1462,122
Alper Köreken,1461,92,1457,229,1451,157,1466,195,1471,176
David Hermann,1461,81,1438,186,1454,145,1479,164,1469,160
Grigorios Pavlidis,1461,50,1482,93,1458,83,1429,108,1473,135
Peter Restle,1461,36,1393,75,1457,106,1497,67,1476,57
Wolfgang Stollberger,1461,43,1434,71,1466,111,1496,77,1453,106
Besirat Fekadu,1460,34,1471,64,1477,59,1429,69,1450,101
Cesare Caccavelli,1460,36,1460,64,1455,76,1475,81,1452,67
Chuhan Jiao,1460,46,1463,98,1461,89,1446,78,1481,113
Daniel Merbitz Aufn.: 6; Ø: 0.00,1460,100,1455,243,1469,196,1465,206,1453,174
Dennis Rhein,1460,57,1462,128,1461,101,1441,113,1482,122
Dieter Braun,1460,64,1479,142,1459,143,1451,123,1457,113
Klaus Maier,1460,89,1459,197,1470,180,1465,188,1449,155
Lutz Iserhardt,1460,30,1449,59,1464,68,1458,75,1467,49
Roman Holzhauser,1460,55,1474,113,1449,121,1449,131,1463,91
Alexandros Satrazanis,1459,70,1439,146,1460,136,1473,151,1464,131
Arnd Bülow,1459,31,1459,64,1450,81,1463,68,1461,50
Catalin Damian,1459,43,1456,85,1434,117,1455,77,1477,81
Dandy Kohlhaw,1459,71,1442,159,1466,160,1460,136,1466,125
Daniel La Cognata,1459,28,1444,54,1454,48,1474,49,1467,99
Ivan Franz,1459,77,1451,155,1456,151,1461,159,1469,153
Norbert Scheinpflug,1459,43,1452,66,1457,76,1467,146,1475,98
Nurcan Ezdi,1459,37,1449,59,1444,71,1473,87,1496,94
Stefan Burmeister,1459,75,1433,178,1463,132,1462,157,1470,144
Thomas Mänz,1459,35,1416,121,1476,55,1441,65,1468,70
Cuong Dao-Ngoc,1458,38,1481,73,1462,75,1416,74,1476,85
Eckart Schmidt,1458,72,1434,139,1512,146,1428,143,1465,148
Franjo Antunovic,1458,34,1456,108,1451,52,1463,55,1468,117
Hussein,1458,98,1453,240,1446,177,1463,204,1469,182
Joshua Rinaldi Hermawan,1458,92,1452,227,1459,169,1462,194,1456,161
Ralf Bachert,1458,28,1399,79,1475,50,1461,52,1464,58
Ralf Herdtfelder,1458,61,1432,167,1471,104,1459,116,1455,122
Bernhard Back,1457,55,1412,111,1427,105,1517,100,1465,137
Daniel Bonin,1457,92,1451,227,1457,169,1449,179,1467,174
David Agonafer,1457,36,1477,58,1441,107,1442,107,1446,59
Ferdinand Widjaja,1457,50,1470,117,1456,119,1407,88,1502,89
Jens Heim Aufn.: 26; Ø: 0.31,1457,99,1451,240,1467,194,1462,204,1449,169
Yavuz Güleryüz,1457,43,1460,73,1498,119,1452,127,1442,67
Homayoun Nikzat,1456,82,1432,176,1463,170,1460,155,1464,159
Jeremy Eckert,1456,32,1415,80,1445,65,1478,54,1462,68
Oleg Kuhn,1456,83,1452,212,1438,148,1468,156,1469,165
Partha Ghosh,1456,41,1494,79,1413,70,1431,108,1486,81
Thomas Kammerer,1456,59,1458,110,1451,110,1444,133,1471,122
Tina,1456,93,1450,229,1466,188,1462,197,1449,152
Gero Fähnle,1455,38,1422,63,1471,125,1484,97,1471,61
Luka Antic Aufn.: 20; Ø: 0.45,1455,98,1448,239,1465,193,1460,203,1447,167
Michael Faja,1455,48,1400,103,1486,92,1470,85,1447,106
Philipp Vosseler,1455,92,1449,227,1463,185,1438,177,1466,162
Carlo Frasch,1454,44,1456,84,1464,98,1428,121,1455,71
Donald Oreskovic,1454,41,1452,123,1449,75,1426,91,1474,65
Stefanie Brakopp,1454,29,1468,52,1440,61,1407,69,1478,56
Kevin Minardi,1453,42,1449,88,1410,71,1497,73,1465,123
Zan Bong Yuen,1453,53,1457,139,1470,100,1434,82,1472,131
Elias Marx,1452,38,1395,75,1482,75,1451,79,1480,74
Glen Corcoran,1452,62,1452,119,1463,130,1435,110,1465,140
Manuel Thamm,1452,56,1450,105,1454,137,1430,114,1471,102
Markus Wiedermann,1452,60,1451,117,1459,117,1447,144,1451,107
Rainer Glück,1452,89,1430,198,1455,164,1456,188,1461,168
Steven Ascione,1452,44,1447,161,1420,79,1466,74,1472,84
Thomas Krüger,1452,31,1469,60,1440,68,1445,68,1450,56
Wolfgang Engelhardt,1452,48,1424,89,1460,149,1457,152,1464,67
Bernd Messing,1451,38,1425,91,1459,59,1447,114,1456,69
Dario Borkovic,1451,53,1429,94,1447,86,1494,140,1468,137
Dieter Ruck,1451,28,1447,57,1465,75,1437,44,1474,61
Hans Müller,1451,86,1444,216,1450,163,1445,170,1460,155
Stefan Avrancsev,1451,39,1463,76,1439,110,1437,64,1467,83
Attila Remete,1450,59,1447,128,1441,106,1455,109,1464,140
Cornelius Ryan,1450,35,1473,58,1416,106,1424,88,1449,59
Florian Stojanoski Aufn.: 20; Ø: 0.20,1450,99,1443,240,1461,194,1456,204,1441,169
Gerd Friedl,1450,56,1438,110,1450,137,1453,100,1459,110
Lennart Wedel,1450,52,1445,161,1457,89,1445,89,1450,114
Matthias Grgic,1450,31,1439,76,1425,51,1481,53,1449,91
Max Schmidtke,1450,78,1448,170,1434,154,1456,174,1461,137
Ralf Hohlfeld,1450,36,1432,79,1492,72,1432,65,1446,72
Svetlana Hetjens,1450,30,1428,52,1471,63,1434,66,1472,59
Tobias Lesniak,1450,91,1444,225,1448,167,1444,175,1462,173
Benedikt Meschenmoser,1449,44,1439,111,1483,78,1425,78,1443,97
Florian Krieg,1449,54,1449,119,1443,111,1449,124,1453,91
Francisco Loresto,1449,76,1449,149,1444,152,1440,158,1462,152
Idris Abanuzoglu,1449,63,1445,127,1420,125,1468,116,1463,142
Marco Paletta,1449,67,1435,135,1450,144,1451,149,1457,115
Markus Geppert,1449,42,1450,70,1454,125,1490,122,1434,67
Michael Häfele,1449,91,1442,226,1448,169,1455,194,1451,161
Mike Walter,1449,26,1422,50,1479,48,1444,44,1454,90
Tobias Wähler,1449,49,1418,92,1447,126,1457,116,1470,79
Yao Wang,1449,40,1409,92,1477,79,1438,87,1457,69
Besim Rama,1448,29,1424,72,1445,47,1460,49,1453,107
Daniel Doulgeris,1448,51,1436,108,1467,110,1439,95,1452,100
Ingo Mann,1448,37,1426,58,1483,69,1432,87,1464,111
Michael Sdrzallek,1448,66,1416,159,1496,120,1415,118,1454,147
Norbert Hell,1448,46,1430,111,1463,77,1434,87,1457,100
Sebastian Calinescu,1448,41,1474,71,1449,88,1419,67,1467,131
Alexander Gaffal,1447,78,1439,202,1455,147,1436,161,1452,134
Janina Benzinger,1447,65,1422,124,1449,119,1464,139,1460,143
Kagan Güler,1447,86,1442,218,1423,151,1464,171,1462,169
Kevin Fassa,1447,55,1420,120,1451,129,1411,107,1488,94
Michael Flaig,1447,31,1448,47,1444,45,1459,146,1466,132
Patrick Lampert,1447,76,1423,156,1458,141,1448,157,1458,152
Roland Scheinpflug,1447,51,1438,83,1438,128,1456,139,1457,87
Rudi Fölker,1447,42,1440,75,1399,100,1468,66,1462,123
Sascha Schmidt,1447,60,1397,143,1479,103,1437,121,1448,126
Cuma Seker,1446,69,1428,119,1457,145,1450,152,1460,146
Fabian Wieser,1446,83,1440,211,1429,148,1455,154,1461,164
Florian Martin,1446,94,1416,206,1454,185,1450,195,1455,174
Klaus Meier,1446,83,1438,210,1457,175,1446,155,1441,143
Petar Popov,1446,51,1421,88,1456,146,1438,111,1473,90
Gerhard Holzer,1445,89,1420,198,1448,164,1450,188,1456,168
Louise Wong,1445,36,1435,57,1454,81,1454,67,1443,98
Steffen Runge,1445,72,1460,159,1456,148,1414,127,1462,150
Tien Dat Le,1445,56,1433,156,1416,95,1463,114,1471,103
Alexander Mack,1444,43,1419,134,1430,69,1460,69,1460,128
Ali El Ajouz,1444,45,1426,71,1474,96,1439,94,1460,118
Marcus Wolf,1444,47,1423,87,1441,134,1451,109,1456,73
Minh Tien Vo,1444,70,1459,173,1424,124,1442,125,1463,150
Raphael Müller,1444,90,1403,201,1462,165,1447,189,1452,169
Thomas Stöckel,1444,48,1417,83,1453,76,1467,122,1459,134
Xenia Völker,1444,35,1453,74,1407,101,1428,59,1469,64
Andrew Steinhauer,1443,38,1430,75,1450,84,1462,100,1441,62
Georg Wiesehügel,1443,65,1387,153,1449,143,1467,112,1448,127
Harry Augustin,1443,40,1412,83,1427,106,1429,83,1475,65
Jürgen Reisner,1443,41,1443,93,1458,101,1411,82,1458,67
Michael Triffo,1443,51,1435,97,1460,93,1405,109,1471,116
Nikolaos Seristatidis,1443,27,1433,54,1425,52,1459,52,1460,60
Richard Hartmann,1443,48,1485,155,1462,81,1406,76,1477,131
Sandra Höll,1443,32,1446,61,1432,63,1450,61,1446,73
Stefan Scherer,1443,42,1443,101,1448,71,1422,91,1452,79
Axel Eberle,1442,28,1440,47,1439,53,1434,66,1461,69
Michael Schreiber,1442,59,1445,125,1441,112,1432,110,1453,130
Steffen Hoffmann,1442,32,1416,67,1463,61,1441,49,1454,129
Timm Ganske,1442,42,1449,105,1431,75,1441,91,1451,76
Volker Vögele,1442,36,1368,126,1431,61,1466,53,1436,96
Barbaros Tokbas,1441,71,1435,194,1419,126,1454,122,1457,154
Catalin Damian Aufn.: 1; Ø: 0.00,1441,99,1433,240,1454,194,1448,204,1431,170
Dennis Kamuf,1441,65,1417,169,1413,110,1474,118,1455,148
Dietmar Karoli,1441,46,1420,71,1501,112,1407,114,1459,92
Jens Stintz,1441,37,1427,57,1416,92,1442,126,1470,64
Jochen Föhner,1441,33,1440,55,1450,63,1434,95,1436,70
Marius Witt,1441,30,1417,64,1459,82,1426,55,1465,53
Matthias Stolz,1441,42,1381,86,1402,86,1503,72,1455,95
Reiner Nies,1441,78,1402,163,1449,167,1446,174,1458,130
Vincenzo Murano,1441,83,1435,179,1452,171,1422,156,1455,160
Adeeb Bitar,1440,46,1412,99,1421,118,1470,76,1433,87
Andreas Merkle,1440,46,1446,88,1442,85,1426,89,1451,106
Anton Schubert,1440,26,1413,52,1456,42,1373,82,1464,49
Giuseppe Cortese,1440,43,1434,75,1435,81,1451,90,1445,106
Luis Varon Marques,1440,30,1371,87,1459,52,1414,57,1471,56
Thilo Ertmann,1440,61,1453,138,1430,112,1432,120,1451,124
Alper Körpe,1439,37,1469,73,1436,83,1425,59,1432,95
Andreas Keilmann Aufn.: 1; Ø: 0.00,1439,99,1431,240,1453,194,1446,204,1428,169
Dirk Dufner,1439,57,1405,118,1440,103,1459,115,1453,122
Dmitrij Matiske,1439,89,1419,199,1435,164,1445,188,1453,168
Eckart Grabe,1439,36,1416,78,1430,90,1450,75,1448,57
Joshua Bartsch,1439,40,1463,75,1435,98,1431,71,1421,87
Robert Glen-Novak,1439,91,1430,226,1450,184,1425,177,1445,161
Waldemar Müller,1439,55,1402,154,1435,104,1479,114,1430,92
Dejvid Skender,1438,43,1430,82,1437,75,1448,95,1439,102
Dietmar Lauer,1438,34,1447,77,1458,59,1414,58,1437,87
Jürgen Benninger,1438,45,1426,128,1427,85,1439,91,1450,77
Rainer Braun,1438,33,1366,81,1472,72,1445,58,1447,62
Viktor Tschin,1438,52,1416,99,1444,104,1457,105,1436,105
Carlo Hartmann,1437,40,1446,65,1464,82,1398,77,1448,123
Dirk Schäfauer,1437,29,1430,64,1453,48,1429,54,1418,76
Jörg Hechler,1437,91,1428,225,1449,184,1427,176,1440,159
Philip Gamerdinger,1437,42,1428,75,1423,80,1456,84,1448,103
Ralf Rabold,1437,40,1407,81,1451,70,1436,72,1460,116
Adrian Sam,1436,62,1430,133,1460,112,1420,135,1426,119
Christian Casagrande,1436,45,1430,74,1409,103,1452,97,1454,98
Daniel Fahrner,1436,57,1408,131,1442,102,1430,125,1453,104
Senol Sengün,1436,31,1429,56,1443,87,1433,53,1446,62
Andre Schwenzfeier,1435,31,1420,58,1424,51,1461,61,1459,121
Andreas Kunellis,1435,82,1427,172,1450,171,1443,179,1424,142
Celal Bulut,1435,71,1429,159,1467,137,1400,127,1450,149
Denis Maric,1435,36,1404,77,1482,76,1425,75,1430,65
Marcel Haab,1435,35,1419,64,1471,59,1402,69,1448,130
Michael Müller,1435,50,1421,103,1431,97,1434,92,1459,113
Pit Kleyersburg,1435,50,1451,96,1439,90,1411,101,1437,113
Reshawn Spann,1435,83,1428,211,1438,148,1423,155,1451,165
Ahmet Bumin,1434,51,1422,101,1462,85,1399,102,1447,135
Lars Deffner,1434,85,1411,192,1447,176,1441,184,1435,143
Martin Heinrich,1434,35,1425,97,1395,101,1419,66,1458,53
Tobias Schneider,1434,98,1427,239,1416,175,1442,203,1451,182
Claudio Severino,1433,92,1423,226,1447,184,1437,179,1423,160
Goran Antunovic,1433,67,1400,128,1437,143,1449,129,1447,135
Harald Feuerlein,1433,98,1425,240,1414,177,1440,203,1450,182
Heiko Schmeil,1433,66,1434,127,1452,142,1405,122,1451,143
Melanie Henschel,1433,31,1412,54,1427,70,1452,54,1452,85
Michael Funk,1433,61,1399,117,1460,123,1452,127,1427,124
Uwe Cordes,1433,57,1379,103,1483,116,1441,110,1445,137
Wolfgang Ehni,1433,67,1399,142,1431,135,1445,127,1452,138
Zeeshan Khan,1433,68,1413,170,1443,136,1413,132,1452,117
Emir Musinovic,1432,91,1402,208,1443,182,1430,176,1444,171
Günter Bauer,1432,91,1397,206,1438,166,1437,191,1444,171
Johannes Genter,1432,83,1425,212,1419,150,1435,156,1450,165
Matthias Schweickert,1432,43,1387,107,1402,108,1426,80,1466,68
Oliver Geuder,1432,41,1418,71,1413,99,1433,92,1458,77
Rudolf Weiß,1432,39,1386,72,1471,72,1433,72,1449,116
Lukas Masson,1431,41,1435,85,1459,78,1404,64,1452,131
Marcus Reber,1431,79,1423,207,1438,134,1413,155,1447,162
Melanie Wolf,1431,97,1423,237,1444,190,1408,183,1447,180
Michael Vollmer,1431,89,1395,185,1443,178,1438,188,1444,167
Michael Wanjek,1431,87,1423,218,1436,163,1416,161,1448,169
Bernd Mahnke,1430,36,1428,69,1441,63,1426,77,1416,82
Dominic Seeger,1430,44,1394,72,1472,72,1409,121,1442,133
Yannik Weber,1430,49,1384,115,1472,92,1420,82,1430,109
Dragan Pajovic,1429,70,1392,147,1441,161,1436,167,1442,109
Oliver Macco,1429,55,1431,96,1436,127,1421,103,1432,120
Quynh Ngo,1429,46,1417,92,1448,92,1415,104,1433,85
Ali Tinoush,1428,30,1343,83,1437,60,1446,56,1439,50
Andrej Stark,1428,51,1428,156,1437,83,1409,85,1453,132
Frederik Binder,1428,38,1409,60,1436,112,1439,145,1442,58
Heidwin Sommer,1428,38,1433,71,1429,116,1442,82,1415,62
Jens Sommer,1428,36,1386,77,1448,64,1435,65,1430,84
Mustafa Ilkaya,1428,62,1409,162,1448,112,1420,105,1424,135
Thomas Hörauf,1428,36,1384,72,1466,88,1395,77,1464,62
Thomas Mooshammer,1428,29,1432,69,1435,48,1413,62,1428,58
Ilyas Fölker,1427,91,1419,226,1410,168,1432,178,1446,174
Jochen Schütz,1427,48,1415,156,1433,78,1420,78,1439,131
Jörg Wolf,1427,28,1403,60,1451,56,1428,53,1423,58
Lisa Knost,1427,56,1421,176,1446,89,1396,95,1450,135
Lukas Bruchmann,1427,89,1404,197,1439,178,1417,172,1442,167
Mohammed Ali Bemah,1427,30,1355,86,1456,53,1415,58,1436,59
Sezer Soydinc,1427,37,1390,107,1434,61,1405,81,1450,68
Tilman Rivinius,1427,64,1392,150,1439,128,1425,130,1439,115
Tobias Linnow,1427,94,1387,206,1438,185,1433,196,1440,174
Alen Mulaosmanovic,1426,42,1391,71,1438,119,1446,72,1447,94
Alfred Hellrigl,1425,39,1390,71,1461,79,1433,67,1415,106
Bernd Ulrich,1425,92,1416,227,1420,169,1418,178,1443,174
Jens Birner,1425,49,1446,155,1441,79,1401,80,1431,131
Karl-Heinz Krause,1425,35,1394,67,1431,58,1446,65,1434,122
Sergej Kirtkov,1425,89,1396,199,1437,178,1419,172,1440,167
Andre Kroschwald,1424,53,1401,109,1420,98,1460,129,1427,94
Andreas Geigle,1424,42,1415,76,1434,87,1422,74,1434,123
Jürgen Weber,1424,75,1385,176,1425,141,1447,145,1427,143
Jürgen Zemke,1424,81,1416,172,1406,144,1434,177,1445,159
Mohammed Alhila,1424,63,1376,153,1482,125,1392,107,1444,135
Stefan Herzer,1424,61,1427,165,1433,105,1402,104,1445,145
Christian Münch,1423,35,1382,104,1436,59,1406,81,1432,62
Ciro Guerra,1423,44,1424,80,1429,79,1402,92,1441,111
Dominik Weitzmann,1423,31,1315,122,1427,54,1431,51,1436,68
Markus Stehle,1423,61,1381,116,1424,131,1433,126,1456,117
Sebastian Hilgarth,1423,58,1399,122,1436,150,1414,113,1438,95
Timo Engel,1423,60,1401,107,1441,153,1435,157,1428,96
Bernhard Gneiting,1422,50,1399,93,1423,114,1432,105,1437,93
Carsten Lendwei,1422,91,1412,225,1437,184,1406,176,1431,160
Gerhard Koch,1422,55,1408,94,1442,147,1419,91,1444,136
Ismail Hileh,1422,68,1413,191,1446,112,1387,124,1439,153
Kevin Hähnel,1422,84,1395,190,1402,159,1444,166,1440,163
Patrick Haudek,1422,81,1410,188,1420,156,1416,152,1441,160
Rudolf Schulz,1422,34,1415,60,1463,68,1393,58,1439,122
Thomas Dieckmann,1422,85,1412,213,1425,161,1404,163,1440,155
Thomas Russow,1422,55,1424,120,1397,98,1432,152,1440,92
Anastasios Kiriakidis,1421,95,1412,234,1400,166,1430,199,1442,179
Benjamin Heck,1421,40,1372,89,1433,74,1436,66,1436,117
Jürgen Berninger,1421,43,1384,94,1431,79,1437,76,1419,96
Klaus Friedrich,1421,53,1375,124,1434,87,1434,108,1427,122
Klaus Mutenzer,1421,75,1397,151,1419,152,1421,157,1443,142
Lars Quitsch,1421,40,1372,83,1473,87,1404,91,1432,69
Michael Burmeister,1421,73,1403,151,1433,131,1406,157,1438,151
Jürgen Frank,1420,37,1380,91,1406,72,1444,71,1433,67
Peter Kleinhans,1420,51,1429,91,1398,126,1416,86,1434,120
Thomas Graner,1420,47,1419,99,1440,90,1370,100,1442,90
Torsten Herold,1420,66,1409,187,1422,108,1429,166,1418,112
Bayartsetseg Tsogoo,1419,48,1397,88,1447,89,1399,127,1425,90
Franz Frauenhoffer,1419,88,1393,196,1433,178,1409,171,1436,167
Michael Gärttner,1419,39,1367,69,1451,63,1428,107,1437,92
Stefan Vater,1419,31,1370,81,1450,54,1402,54,1431,73
Christian Orosz,1418,83,1408,212,1428,149,1395,157,1437,165
Johannes Müller,1418,56,1379,158,1411,90,1431,101,1433,126
Kevin Horvath,1418,83,1409,211,1397,149,1426,154,1439,164
Roland Knecht,1418,49,1416,82,1406,138,1427,151,1420,78
Izet Nokic,1417,65,1383,115,1451,132,1412,138,1436,142
Pascal Ueltzhoffer,1417,75,1379,177,1423,151,1450,146,1405,134
Roland Huber,1417,33,1430,54,1421,76,1366,70,1444,73
Simon Kaincz,1417,51,1407,96,1418,101,1428,149,1420,86
Alexander Haas,1416,84,1390,189,1421,158,1411,166,1434,162
Dieter Krause,1416,38,1404,65,1390,85,1436,65,1429,102
Eduard Ewert,1416,63,1386,152,1431,154,1427,108,1412,110
Mohammad Al Hariri,1416,83,1407,211,1412,149,1408,155,1437,165
Pascal Pascolo,1416,44,1387,86,1420,70,1424,97,1441,111
Patrick Wilczek,1416,36,1377,76,1450,70,1407,68,1426,75
Ryan Grabowski,1416,49,1349,129,1432,82,1428,86,1416,121
Stephan Faude,1416,51,1411,100,1416,93,1423,107,1415,109
Alexandru-Nicolae Baniceru,1415,69,1385,171,1456,121,1376,133,1425,139
Christian Schuler,1415,60,1361,162,1438,104,1411,107,1421,135
Henrik Böker,1415,42,1401,72,1449,75,1369,94,1435,106
Bianca Duttlinger,1414,56,1359,129,1444,92,1377,134,1435,107
Kevin Schieber,1414,38,1398,95,1439,68,1398,69,1413,76
Maherr Raad Sada,1414,82,1365,162,1438,159,1424,178,1431,158
Marcel Twardon,1414,64,1396,125,1427,132,1405,120,1435,142
Tobias Krieger,1414,94,1404,232,1412,176,1402,184,1435,177
Christian Oest,1413,72,1389,141,1431,160,1405,135,1433,148
David Hackenberg,1413,47,1385,82,1394,134,1443,81,1418,108
Jürgen Klatt,1413,31,1345,71,1412,76,1448,55,1420,55
Annette Popp,1412,89,1391,199,1400,164,1422,188,1433,168
Marvin Schneider,1412,61,1396,129,1449,141,1389,126,1419,103
Rainer Ott,1412,35,1377,65,1430,70,1387,85,1444,62
Richard Cornely,1412,37,1374,86,1435,83,1413,57,1427,92
Erich Wohllaib,1411,28,1379,61,1426,56,1397,51,1445,62
Mario Mayer,1411,89,1374,198,1413,164,1419,188,1429,168
Patrik Graf,1411,64,1384,155,1408,133,1411,111,1429,122
Sebastian Schöffer,1411,41,1399,79,1400,95,1423,82,1419,74
Thorgen Brett,1411,33,1417,84,1414,56,1408,66,1406,68
Richard Diopa,1410,57,1362,105,1417,115,1446,112,1428,131
Tobias Abt,1410,29,1384,80,1418,46,1410,51,1412,66
Andreas Horn,1409,47,1408,82,1401,108,1399,88,1431,106
Michael Leonhard,1409,67,1393,130,1410,135,1405,128,1432,144
Mohammad Jiroudi,1409,65,1399,128,1436,125,1376,125,1431,143
Oliver Krieger,1409,41,1360,121,1442,73,1391,68,1416,86
Sasa Kikic,1409,58,1370,138,1427,106,1392,133,1425,103
Bruno Steinbach,1408,45,1354,88,1446,92,1415,82,1423,104
Finn Schmitz,1408,47,1378,97,1391,90,1421,108,1438,85
Thomas Schöpfer,1408,58,1441,157,1400,111,1365,114,1434,103
Thorsten Kupske,1408,35,1361,82,1436,55,1388,76,1419,80
Hans-Jürgen Bailer,1407,31,1377,51,1390,92,1426,89,1436,50
Martin Gießler,1407,81,1373,172,1408,145,1417,177,1428,159
Michael Seil,1407,47,1377,106,1392,104,1399,104,1432,75
Moritz Fritsche,1407,95,1357,208,1422,186,1415,196,1424,174
Norbert Arnt,1407,70,1378,155,1413,146,1425,132,1406,129
Stefan Behr,1407,71,1384,139,1428,161,1420,167,1406,118
Virginia Eisen,1407,91,1396,226,1403,168,1395,176,1429,173
Florian-Madalin Baniceru,1406,90,1357,188,1422,179,1415,189,1424,168
Franz Rehberger,1406,83,1370,194,1407,148,1414,181,1420,151
Irina Wörle,1406,75,1355,155,1438,140,1415,170,1408,142
Mendbayar Renchin,1406,91,1395,225,1405,167,1393,176,1429,173
Samir Javor,1406,62,1359,143,1406,112,1424,110,1424,143
Brian Wright,1405,45,1359,89,1412,97,1424,87,1424,90
Hannes Reißner,1405,59,1401,111,1424,106,1364,125,1427,139
Leon Schick,1405,41,1368,89,1395,79,1431,76,1419,84
Wasilios Kagelidis,1405,69,1396,192,1403,112,1396,128,1430,153
Bernd Feierabend,1404,39,1392,74,1397,86,1396,72,1433,81
Kathrin Karwath,1404,34,1354,108,1415,51,1391,59,1437,98
Oliver Alunni,1404,42,1387,87,1418,68,1392,79,1428,132
Lulzim Ramliku,1403,53,1372,109,1392,120,1418,99,1420,97
Frank Vollath,1402,56,1373,105,1423,98,1393,118,1424,137
Hasanian Altamermi,1402,67,1447,162,1419,127,1345,113,1437,147
Emilio Caracciolo,1401,54,1393,177,1400,88,1394,88,1428,145
Fabienne Weiß,1401,82,1363,187,1421,158,1410,179,1400,142
Furkan Özkan,1401,48,1390,99,1397,87,1406,105,1413,94
Hülya Kaya-Yesil,1401,89,1361,198,1403,164,1410,188,1421,168
Jozsef Mark,1401,89,1362,198,1401,164,1410,188,1421,168
Tommaso Parisi,1401,42,1403,73,1416,72,1365,89,1427,131
Axel Isenmann,1400,48,1407,100,1409,110,1358,97,1421,83
Christian Rundel,1400,82,1378,187,1418,172,1385,167,1411,140
Ernst Fabian,1400,32,1383,158,1410,50,1392,48,1400,94
Gottlob Mrugala,1400,46,1382,104,1436,106,1379,88,1408,81
Rainer Beck,1400,38,1339,104,1403,61,1413,63,1421,118
Anan Zaity,1399,54,1383,108,1414,108,1394,108,1406,105
Andrej Leber,1399,84,1352,187,1409,161,1406,168,1418,162
Florian Weber,1399,83,1368,199,1410,149,1384,166,1419,163
Joschua Bareiss,1399,76,1399,182,1404,153,1390,142,1402,138
Luka Antic,1399,37,1350,69,1444,79,1401,68,1415,79
Matthias Höfler,1399,58,1366,115,1417,121,1414,112,1401,116
Sebastian Müller,1399,39,1372,68,1395,100,1413,75,1425,82
Stephan Reber,1399,76,1386,199,1377,143,1407,148,1421,139
Sylvia Gurnig,1399,40,1331,95,1413,67,1417,69,1406,113
Bastian Valinski,1398,45,1385,147,1415,82,1380,82,1404,83
Emin Kajkus,1398,90,1355,203,1416,182,1407,191,1405,158
Joachim Luft,1398,29,1291,91,1430,43,1391,49,1381,100
Thomas Wilczek,1398,49,1376,157,1411,75,1381,88,1409,120
Walter Riebeling,1398,54,1372,92,1420,98,1388,124,1423,136
Artur Maximow,1397,64,1356,121,1407,132,1414,146,1415,119
Fabian Schaber,1397,63,1394,166,1410,109,1370,118,1414,129
Markus Schneider,1397,52,1375,130,1427,130,1407,132,1391,73
Priska Leven,1397,30,1356,72,1419,55,1384,63,1408,58
Uwe Mann,1397,55,1354,130,1382,102,1420,94,1421,129
Anita Massow,1396,81,1385,209,1385,139,1392,155,1422,163
Dieter Wolk,1396,28,1385,62,1390,58,1384,53,1421,52
Jürgen Wolf,1396,52,1365,91,1420,110,1406,130,1408,97
Ludwig Sandrik,1396,67,1349,137,1405,114,1416,150,1419,146
Marco Weise,1396,65,1357,134,1396,110,1415,144,1420,145
Asmir Sinanovic,1395,37,1353,75,1381,77,1442,81,1406,64
Dieter Ripp,1395,54,1385,106,1399,88,1374,131,1419,122
Lucia Birsner,1395,30,1347,66,1408,55,1401,57,1416,68
Thomas Hetzel,1395,54,1346,95,1441,114,1381,132,1423,101
Wilhelm Schaier,1395,80,1357,170,1414,155,1387,161,1416,157
Peter Schwab,1394,50,1398,99,1404,98,1367,105,1404,98
Thorsten Späth,1394,67,1368,136,1398,134,1395,123,1420,144
Claudia Heinen,1393,42,1358,77,1421,117,1384,93,1415,68
Angelika Kaune,1392,26,1357,62,1387,50,1406,43,1403,54
Aurel Casagrande,1392,65,1361,137,1422,115,1366,139,1406,135
Dominic  Spar,1392,57,1399,117,1370,110,1385,104,1424,129
Genta Gunawan,1392,39,1292,103,1419,65,1411,66,1377,112
Hartmut Wegner,1392,61,1356,117,1393,143,1405,104,1417,140
Ibrahim Alaani,1392,54,1361,96,1402,96,1404,119,1420,136
Stefan Schilling,1392,69,1378,146,1412,145,1371,120,1419,147
Heike Salch,1391,51,1338,142,1376,67,1461,126,1421,142
Jan Fischer,1391,83,1376,210,1386,149,1393,167,1401,152
Klaus Mülbert,1391,55,1366,110,1430,114,1363,113,1405,103
Bruno Schuon,1390,40,1380,80,1385,71,1382,82,1415,84
Henry Spang,1390,41,1279,98,1411,91,1428,86,1407,65
Max Barthold,1390,89,1347,198,1390,164,1400,188,1413,168
Mirsad Coric,1390,43,1375,100,1387,73,1388,78,1419,106
Rolf Göllner,1390,41,1317,102,1425,68,1383,93,1392,79
Christian Herre,1389,58,1332,115,1409,96,1400,134,1414,132
Alpay Gürkal,1388,63,1369,142,1398,121,1377,118,1406,126
Andreas Begau,1388,65,1357,143,1407,155,1369,126,1410,109
Mattis Wasner,1388,91,1375,225,1373,168,1384,176,1416,173
Serkan Candir,1388,43,1342,93,1370,92,1423,71,1393,92
Alexander Rommel,1387,59,1359,122,1394,107,1393,114,1401,131
Klaus Hirthe,1387,55,1338,105,1397,113,1409,97,1413,136
Rainer Habelt,1387,34,1344,62,1376,73,1421,55,1414,129
Taner Susuz,1387,31,1353,56,1381,73,1408,57,1411,66
Siegfried Brockmann,1386,38,1366,71,1373,83,1380,72,1437,83
Martin Trippel,1385,39,1343,92,1405,67,1356,74,1427,83
Marko Stapel,1384,39,1368,79,1397,103,1367,71,1408,71
Thomas Ehrenfried,1384,39,1341,74,1374,82,1415,82,1408,73
Mark Szinger,1383,37,1359,73,1371,59,1417,72,1417,130
Markus Pfaff,1383,46,1357,169,1390,74,1390,74,1362,124
Michael Haag,1383,29,1340,52,1424,61,1387,63,1396,58
Wolfgang Krüger,1383,38,1363,72,1400,71,1369,80,1402,87
Hayk Hovhannisyan,1382,52,1340,127,1385,89,1399,94,1390,125
Jan Simon,1382,78,1353,167,1380,152,1383,149,1410,155
Stefan Estenfeld,1382,59,1335,118,1398,140,1366,129,1414,98
Gerald Greene,1381,61,1341,153,1369,110,1399,116,1399,119
Kurt Ljokaj,1381,36,1339,93,1418,55,1348,62,1398,124
Sebastian König,1381,67,1341,135,1385,115,1395,162,1407,138
Sven Kaiser,1381,52,1366,105,1368,93,1382,113,1413,105
Ute Kiefer,1381,35,1340,57,1416,106,1400,96,1407,59
Charalampos Antonogiorgakis,1380,31,1312,93,1412,47,1347,61,1391,66
Harry Kowalczyk,1380,40,1325,84,1387,80,1381,99,1410,66
Marius-Ionut Baniceru,1380,57,1373,115,1352,130,1375,119,1405,99
Matthias Sommer,1380,45,1367,72,1396,83,1363,106,1406,126
Michael Sigloch,1380,73,1309,167,1415,130,1373,144,1398,152
Dirk Bastian,1379,58,1330,138,1393,101,1380,104,1403,141
Simon Koch,1378,63,1322,120,1378,112,1422,135,1408,142
Domenik Dreibach,1377,48,1314,95,1412,81,1381,107,1392,114
Enis Eminovic,1377,72,1328,129,1404,161,1395,167,1398,131
Marcel Cecotti,1377,61,1346,145,1365,104,1391,128,1401,125
Michele Campagna,1376,38,1317,100,1386,72,1383,95,1387,60
Sonja Bieser,1376,56,1360,171,1356,100,1381,100,1400,106
Thomas Frommer,1376,59,1334,127,1405,99,1344,133,1396,124
Marouen Marzouki,1375,58,1334,164,1373,117,1373,92,1406,126
Peter Puff,1375,52,1368,119,1384,87,1345,108,1399,116
Alexander Schröder,1374,38,1321,76,1375,74,1403,74,1398,81
Juliane Breunig,1374,73,1327,145,1382,130,1389,168,1403,151
Marian Lacatus,1374,67,1364,129,1368,143,1365,125,1407,144
Nguyen Tien Dung,1374,83,1335,178,1396,171,1358,158,1400,160
Rico Horst,1374,70,1330,147,1411,148,1372,145,1381,125
Sebastian Mayer,1374,45,1281,105,1399,83,1400,91,1388,88
Levend Bas,1373,54,1318,134,1373,98,1386,93,1398,124
Peter Gerlach,1373,55,1331,95,1396,91,1377,138,1403,137
Peter Rupprecht,1373,56,1331,130,1360,99,1405,105,1385,126
Stefan Jost,1373,53,1317,94,1399,149,1385,141,1405,84
Stefanie Rudolf,1373,74,1355,195,1362,141,1381,138,1384,136
Timo Buske,1373,49,1338,94,1366,96,1398,89,1401,126
Frank Reichert,1372,55,1335,130,1394,101,1367,119,1374,96
Carsten Kalitz,1371,55,1331,119,1363,137,1377,89,1404,111
Oktay Aydinoglu,1371,77,1308,160,1381,145,1395,161,1398,154
Dani Omar El-Rajab,1370,76,1313,169,1383,135,1381,172,1388,144
Josip Guja,1370,42,1357,77,1390,92,1346,74,1413,99
Rüdiger Theis,1369,47,1303,99,1411,99,1380,85,1378,97
Werner Schmidberger,1369,34,1343,58,1372,78,1386,56,1386,106
Bernd Wasserrab,1368,70,1319,158,1350,122,1403,142,1398,149
Berthold Gillich,1368,49,1315,100,1392,108,1389,99,1375,86
Martin Kurschatke,1368,67,1327,172,1360,137,1367,128,1394,115
Daniela Majer,1367,31,1313,61,1401,52,1365,60,1390,87
Tamara Grad,1367,54,1326,113,1391,93,1355,102,1396,137
Ali Deyhimi,1366,55,1356,109,1349,83,1390,154,1409,132
Egon Raach,1366,92,1350,227,1359,169,1350,178,1398,174
Mario Kraus,1366,66,1350,186,1364,110,1356,123,1390,140
Mark Mende,1366,47,1287,105,1386,76,1395,101,1377,103
Sascha Jungwirth,1366,42,1330,76,1409,85,1356,77,1394,112
Jochen Geiß,1365,53,1318,153,1376,82,1355,94,1391,141
Jörg Lingl,1365,60,1301,114,1390,110,1388,124,1395,140
Bünyamin Öner,1364,85,1334,190,1343,153,1379,184,1397,164
Christin Jentsch,1364,47,1337,132,1369,82,1343,82,1405,100
Jutta Ute Kreimes,1364,35,1318,84,1392,70,1359,60,1375,74
Oliver Nies,1364,70,1322,145,1372,136,1367,134,1395,147
Vladimir Poplakov,1364,54,1317,128,1373,88,1367,120,1383,111
Andreas Wolf,1363,71,1333,158,1354,131,1355,156,1397,131
Tobias Banzhaf,1363,60,1354,129,1357,110,1352,114,1394,133
Dominik Mogel,1361,47,1336,95,1399,87,1324,107,1368,90
Roland Kirchmaier,1361,50,1303,133,1414,80,1315,86,1383,138
Thomas Sander,1361,46,1325,84,1373,92,1378,84,1377,114
Hoora Dabbaghian,1360,91,1321,207,1384,181,1335,174,1389,170
Lutz Steinbach,1360,73,1307,167,1369,127,1361,149,1388,153
Lothar Hirsch,1359,40,1313,130,1370,64,1353,60,1388,135
Robert Holzinger,1359,86,1342,218,1350,152,1345,171,1393,169
Semsettin Özkan,1359,57,1362,130,1397,108,1313,98,1383,130
Stephan Lorenz,1359,64,1306,128,1371,105,1373,147,1391,144
Klaus Kappel,1358,80,1308,165,1382,167,1338,161,1395,146
Oliver Hasenfuß,1357,79,1301,165,1384,167,1365,161,1375,145
Michael Bauer,1356,58,1319,119,1381,151,1333,126,1381,91
Alfred Pfaff,1355,40,1286,138,1381,65,1352,67,1341,90
Andreas Looser,1355,39,1311,84,1385,66,1327,79,1386,86
Ingo Speidel,1355,55,1315,146,1359,91,1358,105,1371,114
Markus Schwenke,1355,47,1320,91,1385,86,1324,124,1370,84
Daniel Cavalleri,1353,44,1302,109,1373,85,1313,108,1375,68
Jens Schrader,1353,49,1280,122,1354,82,1376,84,1381,136
Lucas Ruschke,1353,38,1287,81,1377,64,1376,77,1354,95
Sebastian  Dettling,1353,46,1267,95,1399,84,1360,109,1374,89
Kim Simon,1352,66,1301,170,1376,111,1330,120,1380,148
Tajana Dürr-Smokovic,1351,65,1326,121,1379,142,1331,124,1382,135
Daniel Nieter,1350,40,1325,81,1357,86,1345,86,1366,68
Manuel Schröder,1350,70,1320,172,1347,121,1344,139,1379,143
Uwe Jansen,1350,74,1318,162,1380,164,1344,159,1356,121
Ahad Suleimanjar,1349,72,1329,165,1386,141,1305,127,1385,151
Annette Köster,1349,63,1323,135,1355,111,1353,147,1360,122
Christian Süß,1349,40,1339,165,1350,63,1340,62,1389,120
Irina Killian,1349,29,1312,52,1368,61,1347,55,1397,68
Maxime Tereba,1348,37,1256,86,1410,63,1291,79,1384,75
Wilhelm Engelbrecht,1348,36,1276,83,1349,71,1372,74,1372,65
Anja Gaßmann,1347,68,1331,138,1323,116,1368,163,1381,137
Marcin Rossa,1347,67,1337,156,1352,135,1320,133,1373,122
Pascal Witt,1347,42,1302,72,1378,94,1367,77,1372,111
Niklas Schilling,1345,58,1329,178,1335,92,1342,107,1377,131
Alfi Müller,1344,61,1285,133,1337,111,1368,120,1380,125
Alicia Baum,1344,45,1333,172,1357,68,1320,70,1386,142
Michael Czeringer,1343,57,1278,110,1361,108,1367,108,1379,138
Nikolaos Michailidis,1343,68,1328,190,1336,113,1332,121,1384,152
Tobias Zeller,1342,64,1311,150,1351,109,1326,125,1370,136
Andreas Wagner,1341,45,1250,91,1411,79,1327,87,1363,116
Dimitris Patsirogiannis,1341,48,1312,100,1359,81,1314,107,1370,105
Evi Leder,1341,27,1300,67,1331,48,1343,51,1378,54
Sergej Kovalev,1341,57,1269,112,1411,122,1347,131,1349,101
Maximilian Theis,1340,74,1278,178,1353,125,1348,158,1358,148
Sandra Lutz,1340,58,1270,131,1322,114,1375,96,1372,140
Susanne Schweter,1340,28,1243,64,1360,50,1357,48,1375,66
Daniel Klapper,1339,38,1298,70,1368,89,1341,74,1366,77
Lorenzo Ammazzini,1339,47,1316,105,1376,75,1282,92,1371,127
Tamino Lázaro Colucci,1339,83,1273,180,1346,150,1355,180,1372,161
Helmut Schröder,1338,74,1321,197,1324,129,1330,131,1379,156
Marcus Winter,1338,55,1250,107,1346,127,1379,116,1374,94
Nuno Brenner Miguel,1338,40,1235,132,1374,56,1305,88,1325,89
Kay Maier,1337,53,1318,175,1355,86,1314,87,1360,136
Sebastian Roßberg,1337,57,1310,163,1337,94,1327,98,1373,137
Aaron Bruggesser,1336,53,1276,147,1325,86,1359,97,1362,120
Michael Maihöfer,1336,57,1302,109,1323,108,1357,111,1379,138
Saskia Schirmer,1336,35,1306,55,1353,98,1354,60,1374,101
Christian Oetken,1335,66,1299,132,1317,124,1361,140,1366,129
Jürgen Großkopf,1335,65,1294,122,1353,143,1356,160,1347,108
Andrea Zenner,1334,64,1268,143,1348,124,1349,129,1357,119
Benjamin Repphun,1334,64,1270,160,1348,123,1339,114,1356,129
Christian Thanner,1334,54,1270,105,1370,136,1357,92,1348,107
Katrin Quaschinsky,1334,33,1259,63,1372,64,1361,62,1356,86
Melanie Kiefer,1333,45,1275,81,1355,74,1352,112,1381,119
Pia Albersmeier,1332,50,1324,105,1343,97,1312,81,1379,135
Hans Schäfer,1331,84,1285,194,1334,159,1323,161,1367,163
Roland Möbus,1331,75,1271,174,1344,153,1332,150,1355,130
Achim Stoll,1330,41,1244,79,1368,77,1358,77,1356,105
Fabian Klausmann,1330,56,1262,135,1349,90,1324,118,1358,123
Edis Eminovic,1328,77,1311,202,1296,129,1341,156,1370,151
Frank-Bernd Wieczorek,1328,41,1260,92,1322,80,1339,84,1367,73
Michael Zimmermann,1328,75,1254,153,1360,162,1336,139,1364,151
Andreas Höhn,1326,37,1271,87,1351,61,1319,67,1351,103
Sebastian Engel,1326,55,1311,163,1316,89,1321,94,1373,143
Susi Harbrecht-Berndt,1326,32,1206,73,1370,65,1349,47,1345,96
Lukas Böser,1325,40,1279,81,1352,81,1315,77,1351,78
Ronny Gabriel,1323,59,1239,137,1316,97,1366,112,1359,141
Ruben Lorch,1323,63,1259,137,1355,118,1317,115,1351,134
Filipe Coelho,1322,50,1243,125,1343,86,1318,106,1345,94
Björn Finkbeiner,1321,49,1283,132,1332,78,1307,82,1363,137
Jan-Phillip Heilmann,1320,56,1280,129,1330,133,1294,98,1365,99
Jonny Silasko,1319,45,1242,132,1334,74,1322,74,1343,129
Selina Jakob,1319,75,1272,162,1324,150,1310,148,1360,142
Robert Pinczker,1317,61,1284,144,1293,105,1331,119,1368,134
Bernd Sehner,1316,57,1261,117,1345,99,1302,119,1350,131
Hugo Uhrig,1315,55,1242,131,1341,80,1295,122,1349,140
Andreas Hollesen,1312,36,1217,98,1342,55,1296,66,1344,101
Martin Schröder,1310,72,1224,153,1328,139,1334,143,1341,140
Simone Ganß,1310,54,1274,114,1343,128,1298,93,1334,104
Diana Schäfauer,1309,69,1267,177,1319,127,1293,121,1345,143
Patricia Kaffesi,1309,39,1240,76,1378,72,1292,77,1321,87
Rudolf Rolsin,1309,57,1254,111,1343,116,1293,121,1345,108
Michael Pogodda,1308,51,1238,141,1341,85,1278,87,1350,124
Otto Stefan Witt,1305,43,1217,86,1339,92,1336,88,1330,81
Ralf Koppenhöfer,1304,34,1276,125,1310,51,1292,56,1345,115
Armin Mühlich,1303,45,1237,97,1357,72,1262,84,1342,133
Corinna Weigelt,1303,62,1250,137,1302,118,1338,145,1317,108
Justus Quitsch,1303,47,1252,102,1323,85,1297,92,1337,103
Angelika Müller,1302,54,1283,136,1279,87,1312,95,1357,139
Luca Wolk,1302,35,1235,64,1293,65,1327,89,1371,68
Sebastian Czaja,1302,60,1229,110,1346,119,1303,139,1341,115
Daniel Christoph,1301,48,1225,149,1318,75,1292,85,1322,122
Fabian Hergesell,1301,52,1217,124,1319,97,1326,96,1311,109
Alexander Seil,1298,56,1247,165,1315,92,1278,145,1306,92
Daniel Fleischmann,1298,75,1213,164,1315,136,1308,148,1338,152
Gabriele Winzer-Moser,1298,35,1221,80,1312,60,1310,65,1331,81
Adriana Siddi,1297,67,1234,138,1299,114,1320,162,1334,132
Christina Hirschfeld,1296,57,1226,124,1300,98,1310,116,1346,131
Kyra Ernst,1296,72,1220,139,1327,138,1304,152,1341,148
Markus Hanagarth,1294,42,1237,91,1317,64,1278,110,1319,95
Matthis Meier,1292,41,1220,128,1268,97,1296,99,1313,56
Lukas Heinz,1291,72,1230,157,1295,148,1295,137,1330,139
Vincent Wiesehügel,1291,60,1243,111,1313,115,1281,127,1336,126
Jagaganmohan Reddy,1290,67,1254,171,1301,137,1285,133,1303,113
Isabelle Hülskötter,1287,73,1269,201,1342,172,1321,177,1261,101
Marc Witt,1287,46,1196,114,1308,90,1295,88,1309,81
Alex Vuong,1284,63,1187,117,1318,124,1318,122,1333,141
Joey Isenmann,1284,48,1183,101,1311,96,1314,82,1315,114
Hoai Tu Anh Nguyen,1283,53,1207,114,1291,96,1269,137,1327,90
Jennifer Bianca Metz,1282,58,1220,143,1311,111,1265,113,1307,109
Lasse Quitsch,1276,49,1203,133,1306,86,1265,94,1289,94
Brigitte Uhrig,1274,30,1150,68,1315,51,1284,62,1307,68
Thorsten Löffler,1273,59,1211,151,1269,103,1278,100,1318,136
Daniela Heide,1272,72,1183,158,1298,148,1297,150,1292,127
Thomas Hemminger,1270,48,1189,111,1315,92,1250,97,1299,91
Danny Golling,1269,50,1167,116,1301,84,1274,90,1314,136
Finn Großmann,1266,53,1194,135,1298,101,1284,135,1264,82
Kalea Hemminger,1266,63,1246,185,1268,103,1241,107,1327,149
Yvonne Boos,1263,57,1212,134,1298,103,1224,113,1295,110
Ilona Proissl,1260,67,1162,148,1284,112,1267,142,1309,147
Jonas Müller,1255,63,1231,172,1254,109,1234,107,1311,141
Katharina Schnelle,1252,68,1234,197,1319,169,1295,174,1225,91
Angelo Lázaro Colucci,1248,51,1171,125,1272,93,1239,96,1280,100
Diego Meier,1245,57,1141,132,1280,116,1264,120,1266,99
Michael Leupolz,1243,59,1159,150,1247,111,1252,134,1269,95
Lisa Maria Kunz,1234,76,1135,160,1242,133,1264,172,1293,154
Rene Hammann,1230,58,1165,142,1229,102,1222,107,1288,121
Tanja Falk,1211,75,1125,168,1239,142,1191,141,1273,153
Heinz Gold,1210,58,1119,111,1252,109,1213,114,1278,138
Daniela Behrend,1205,35,1092,83,1239,55,1212,61,1256,124
