pass_nr,player,elo,weighted_games,games
100511,Christian Brehme,1781,33.06,64
104203,Andreas Schroff,1779,34.54,68
101672,Matthias Hardtke,1760,31.97,157
103306,Fabian Neglein,1758,40.65,79
368474,Dieter Neumann,1739,41.16,184
100638,Adrian Cabanillas Lora,1735,21.66,165
101994,Gerd Hörrmann,1727,39.77,161
101724,Robin Heber,1727,24.69,124
103075,Daniel Merbitz,1725,20.55,117
101390,Marco Giusa,1724,39.34,172
101671,Markus Hardtke,1724,36.35,166
242881,Xanthos Vlassidis,1724,21.86,46
368540,Haydar Chehade,1716,29.28,128
102278,Andreas Keilmann,1715,43.74,231
104746,Alexandros Vassiliadis,1714,20.35,127
368207,Calvin Waldecker,1714,29.57,130
242907,Patrick Lauinger,1713,23.12,126
105209,Marvin Zimmer,1710,20.79,112
368299,Christian Schaber,1709,29.22,90
102153,Benjamin Jung,1701,20.19,88
102645,Stefan Künzl,1699,28.51,126
103143,Benny-Michel Mildenberger,1698,37.60,150
101289,Thomas Gäckle,1698,47.06,213
103635,Hendrik Reckers,1697,28.19,108
355803,Randee Ramzi Yalda,1696,22.06,165
102663,Andreas Kullmann,1693,40.52,110
244727,Fabian Snijder,1692,28.05,181
100039,Erdal Akinci,1684,35.43,181
250878,Patrick Mungiuri,1684,45.93,163
103167,Daniel Moll,1681,20.31,70
104541,Alexander Striker,1678,25.75,145
368381,Pavlos Dadakos,1678,50.42,176
100825,Michael Diedrich,1677,49.15,244
102114,Andreas Jeschka,1676,23.05,109
157455,Norbert Rollbühler,1674,42.11,168
101485,Ralf Grießhaber,1674,25.05,169
349790,Wadea Al Mahamid,1670,26.95,154
368051,Edin Porcic,1668,24.31,129
103289,Ingo Nassall,1668,52.95,253
368490,Alexander Kocher,1666,28.45,137
103209,Dirk Müller,1666,24.40,84
252039,Dany Baron,1665,29.68,171
249145,Drazen Smolcic,1665,38.77,217
102603,Stanislaw Kretz,1663,44.24,136
101317,Frank Gebert,1662,22.47,144
368352,Aleksander Diachkov,1657,20.09,50
367913,Jürgen Baumgärtner,1656,30.17,147
355901,Alexandar Stankovic,1655,25.91,119
102352,Udo Kirchgeßner,1655,21.72,55
123146,Markus Rütten,1653,24.37,159
246024,Denis Mnich,1652,37.92,199
368079,Christian Würthwein,1650,40.73,154
366769,Michael Schwarzjirg,1648,20.51,74
368957,Colin Ketterlin,1646,25.60,53
104021,Jörg Schick-Bringer,1646,46.57,112
103183,Berthold Moser,1644,37.52,190
242787,Rainer Hermann,1643,33.53,172
104635,Raphael Titzmann,1643,27.53,158
102948,Rolf Mangelsdorf,1641,21.44,132
367936,Dieter Seitz,1638,23.80,62
104685,Machmut Turan,1634,53.85,234
101803,Michael Heneka,1633,34.90,196
367934,Andreas Loderer,1632,41.96,208
368526,Ralf Bühler,1632,20.76,83
368093,Andreas Zillmann,1629,44.79,172
103573,Marc Proissl,1629,32.94,127
103581,Matthias Pujic,1628,22.47,107
104376,Darius Skowronek,1627,32.67,166
101451,Steffen Graf,1627,36.76,108
102859,Peter Lotterer,1626,20.12,80
368253,Sascha Hiller,1624,20.64,95
368058,Holger Domdey,1622,30.38,111
250306,Luigi Sarullo,1622,40.09,252
245260,Necmi Kolbasar,1622,24.10,127
103444,Sercan Özdemir,1622,29.65,147
245948,Aryan Dayyani,1620,26.70,152
104767,Celina Visconti,1620,30.89,199
368475,Michael Schneider,1619,28.97,112
101658,Torsten Hanisch,1619,20.03,80
101192,Ronny Frank,1617,40.87,198
101313,Stefan Gaschler,1615,33.34,110
102759,Harald Leder,1613,22.99,154
221366,Henning Wilkner,1613,21.85,100
104642,Dominik Tonn,1612,37.61,120
251815,Kevin Adamczyk,1612,39.91,141
369106,Erdem Dikici,1611,28.10,50
105217,Karl-Heinz Zimmermann,1611,27.79,203
100972,Benjamin Eiberger,1610,51.04,217
101550,Christoph Günthner,1610,27.05,146
368042,Haci Eymir,1610,24.47,120
104546,Michael Strohmaier,1609,20.37,100
249310,Nic Woywodt,1608,40.05,156
240243,Andree Säubert,1607,22.35,126
101076,Silvio Fadda,1604,22.59,105
103354,Pascal Nissel,1601,22.91,106
368015,Stefan Sock,1601,43.23,216
104407,Eugen Spähn,1599,22.55,123
103087,Markus Merz,1599,22.23,131
104396,Eric Sorg,1596,24.06,98
103517,Jens Pfaff,1596,22.78,115
103925,Sascha Sauer,1596,35.64,182
101476,Christian Gremmelspacher,1595,32.16,208
104109,Uwe Schmidt,1595,29.06,184
350683,Kevin Wetzel,1594,34.67,151
102047,Xhemajil Ibrahimi,1594,28.30,57
104671,Marcus Trumpp,1593,23.83,109
103634,Stephan Rech-Linker,1591,39.77,177
100531,Lutz Brian,1589,28.54,108
368802,Okan Ceken,1589,20.49,46
104819,Roland Wacker,1586,23.12,91
368689,Ibrahim Erdogan,1584,27.01,78
104986,Josef Wermes,1584,22.59,79
368688,Fersun Ünsel,1583,35.20,84
368868,Matthias Weigl,1583,20.61,52
247955,David Galwas,1582,31.22,188
242808,Thorsten Mohr,1581,22.05,128
100679,Orhan Cetin,1580,22.39,100
350617,Christian Späthe,1579,24.70,125
100904,Martin Doster,1579,37.35,175
242773,Yilmaz Aygün,1579,21.03,96
100100,Markus Appenowitz,1578,21.59,110
248741,Oliver Hauke,1577,23.42,123
104844,Rolf Waible,1577,33.46,210
103200,Andreas Müller,1576,27.42,93
105234,Daniel Zmalec,1576,25.14,152
101538,Bülent Güler,1573,28.29,160
228696,Gerald Ströbele,1573,23.40,124
353889,Bruno Miletic,1572,22.66,129
100773,Fiorenzo De Nuzzo,1571,26.95,149
101528,Gerhard Gryschka,1571,29.86,105
367977,Michael Breiner,1571,21.61,122
240155,Andreas Wittmeier,1570,28.04,190
368202,Angelo Truisi,1569,23.57,89
368579,Sebastian Scherbinin,1569,38.58,132
111963,Bernd Woitanowski,1568,25.34,183
104803,Frank Vorauer,1568,23.73,146
101737,Svenja Schwarzkopf,1568,24.74,140
105130,Hakan Yaratici,1567,22.93,63
368111,Ali Cetin,1565,29.29,109
240143,Konrad Bau,1565,22.83,115
244866,Dominik Netzhammer,1564,20.62,88
104309,Carmen Leiser,1563,36.64,191
104287,Oliver Schwertschlager,1563,29.58,125
367986,Vanja Nikolic,1563,34.14,162
111155,Önder Coskun,1563,20.19,111
103930,Eberhard Sauter,1562,31.80,163
368810,Jamil Dib,1561,20.46,57
248769,Marius-Daniel Grigore-Martini,1561,31.14,151
367988,Markus Wörner,1561,32.85,193
367937,Daniel Schmid,1559,20.61,109
369105,Lothar Enzenhöfer,1559,26.49,50
368751,Giovanni Genovese,1557,25.98,68
103396,Dirk Odenwälder,1556,21.95,114
366767,Miodrag Adrian Caravila,1556,36.76,134
101264,Bernd Füess,1555,23.87,113
103479,Andreas Pauling,1554,32.60,153
368777,Kian Sohns,1554,24.06,91
252214,Pascal Sanna,1554,26.64,156
228904,Tobias Hirt,1554,28.01,142
368224,Hakan Söyler,1553,33.24,172
102497,Markus König,1552,23.87,60
240239,Ivan Mikulic,1551,36.71,174
369124,Adham Mohamed,1550,35.17,48
367853,Jörg Leiser,1550,21.07,126
353408,Christopher Hopp,1549,25.89,163
355443,Michael Reich,1549,45.98,233
103469,David Party,1548,22.44,88
351635,Robert Klinec,1548,39.75,160
103552,Claudio Pontuti,1547,24.84,111
249124,Joshua Armbruster,1547,29.40,170
105193,Marco Zieger,1547,28.71,153
367990,Raimund Wanner,1545,20.21,121
105043,Dirk Windecker,1544,33.41,160
102175,Mario Kaiser,1544,21.87,106
105122,Michael Würz,1544,20.51,126
103076,Ralf Mergel,1544,22.48,127
239641,Sascha Pick,1544,27.12,130
368922,Yusa Tutucu,1543,27.61,50
100069,Claus Altendorf,1541,20.72,114
101654,Thomas Handler,1541,30.89,131
103617,Detlef Ratz,1540,36.94,182
104971,Björn Welte,1539,27.88,127
104434,Armin Stauß,1537,22.94,120
102502,Viktor König,1537,25.00,148
368781,Kevin Albert,1536,32.90,80
356371,Jonny Knapp,1535,23.56,157
368560,Manuel Wissen,1535,36.87,119
351950,Olaf Schwarz,1535,22.61,118
349928,Pascal Habiger,1535,20.21,86
252010,Long Werner,1534,33.95,175
368482,Maximilian Arnt,1534,25.47,96
368893,Sukhbat Batjargal,1534,21.18,39
356369,Alexander Fischer,1533,27.88,158
366176,Stefan Lorenz,1533,21.01,91
240240,Hassan Najjar,1532,22.64,130
249359,Florian Pasch,1530,21.18,93
101670,Horst Hardtke,1530,23.11,106
103756,Norbert Ritschel,1529,21.09,106
368780,Thomas Weniger,1528,20.47,47
253141,Timur Susuz,1528,27.07,152
367989,Martin Reinhardt,1527,24.42,134
104625,Peter Thurm,1527,23.28,126
368506,Seong-Jin Kim,1526,29.30,93
253265,Simon Kemmerling,1525,30.57,135
104258,Florian Schwägler,1524,24.95,119
101441,Günther Götz,1524,23.24,115
368628,Wilfried Schön,1523,30.73,87
242971,Selim Güzel,1521,39.63,219
103932,Roland Sauter,1520,23.18,98
102219,Thorsten Kappus,1519,33.20,97
101755,Dominik Heinkele,1518,23.96,110
368118,Stefan Süß,1518,24.73,116
242796,Frank Schwenk,1517,27.69,101
104610,Erwin Thoma,1516,24.98,121
368716,Esad Selim Gündüz,1516,22.51,31
368878,Theo Georgoudious,1516,26.86,69
368142,Philip Kammnick,1515,24.03,103
240510,Sven Wezstein,1515,30.47,190
369057,Francesco Dragotta,1514,25.74,46
242789,Kevin Künstler,1514,22.58,73
368821,Partha Ghosh,1513,24.27,55
242837,Martin Weber,1512,21.00,115
247868,Sven Gehrisch,1512,22.89,124
100873,Andreas Dittrich,1510,23.13,112
249451,Andrei Deliman,1509,23.13,117
104633,Thomas Tischmann,1509,20.43,59
368562,Jeremy Eckert,1508,30.13,99
367995,Besnik Shkemza,1507,24.42,116
245346,Michael Minnerop,1507,21.54,114
103882,Alfred Rutkowski,1506,23.71,122
101856,Bianca Heneka,1505,45.40,233
102180,Christian Kälbli,1505,21.02,122
245692,Harun Ahmadi,1505,26.42,136
369045,Lars Jäger,1505,20.48,37
100434,Andreas Böhme,1504,22.53,119
104532,Michael Straub,1502,23.26,83
100941,Thomas Durst,1502,21.66,114
104560,Bernhard Sutor,1501,24.16,115
368904,Dietmar Helfrich,1501,25.69,56
368848,Franz Miehle,1501,21.18,57
101945,Thomas Höger,1500,27.45,123
368396,Elias Marx,1499,22.71,66
100463,Stephan Boschert,1499,23.22,92
248740,Arash Dayyani,1497,22.86,123
367948,Flaviano Gabriele,1497,24.38,130
240242,Mirsad Sabic,1496,27.26,152
368908,Simon Bernecker,1496,25.85,60
104870,Tobias Walz,1496,20.18,107
101426,Boris Golic,1495,22.78,121
353633,Jürgen Götting,1494,23.57,131
100124,Ottmar Auzinger,1493,23.66,152
102406,Axel Klimmer,1491,26.61,105
240215,Jürgen Müller,1491,22.31,79
103686,Michael Reiser,1491,23.36,88
369056,Kevin Minardi,1489,30.90,55
100481,Silke Brand,1488,21.58,86
248185,Peter Baur,1487,21.57,108
100060,Marc Allinger,1484,21.01,114
367912,Nikolaos Seristatidis,1484,29.10,156
367996,Nurcan Ezdi,1483,21.48,75
100106,Stefanie Arndt,1483,21.36,56
104101,Peter Schmidt,1482,28.36,148
101744,Wolfgang Heiler,1482,23.13,81
353143,Martin Repp,1479,25.66,130
100996,Marcus Elfenthal,1477,24.44,103
100791,Giuseppe Dellaquercia,1476,20.30,151
369054,Dennis Knoblauch,1473,21.66,40
366458,Besim Rama,1471,28.24,126
101284,Alexander Gabat,1469,20.39,124
368343,Marcel Haab,1468,20.13,81
102069,Lutz Iserhardt,1467,22.65,117
101750,Timo Heim,1466,20.91,87
367987,Mike Walter,1464,31.65,168
121877,Peter Link,1462,23.09,156
368295,Cesare Caccavelli,1460,20.04,75
244943,Peggy Eisele,1459,25.16,132
368423,Stefanie Brakopp,1459,39.46,127
369025,Eyvinh Polvito,1458,24.57,43
102694,Daniel La Cognata,1455,31.67,151
101745,Rainer Heilmann,1455,33.20,173
368292,Matthias Grgic,1453,23.94,112
368447,Svetlana Hetjens,1452,37.69,122
239638,Michael Killian,1451,22.62,129
355875,Mohammed Ali Bemah,1451,26.96,117
101958,Sandra Höll,1448,39.91,100
356203,Ali Tinoush,1447,24.62,127
368044,Jörg Wolf,1447,32.25,142
100667,Pascal Cecotti,1447,20.94,103
104206,Anton Schubert,1443,30.94,171
248690,Ralf Bachert,1442,22.79,135
368266,Luka Antic,1441,23.14,73
354558,Angelika Kaune,1439,31.03,174
252865,Axel Eberle,1437,27.84,141
368720,Domenik Dreibach,1437,20.22,40
103858,Dieter Ruck,1436,22.75,139
102626,Thomas Krüger,1434,26.99,111
242747,Thomas Mooshammer,1433,28.33,136
368616,Mark Szinger,1432,21.99,74
350315,Ralf Hohlfeld,1429,21.01,77
228713,Erich Wohllaib,1420,24.44,139
354685,Joachim Luft,1420,29.77,138
247957,Stefan Vater,1411,23.02,112
104742,Luis Varon Marques,1409,20.05,125
368818,Leon Schick,1407,24.94,60
351926,Lucia Birsner,1406,35.29,117
104365,Asmir Sinanovic,1400,28.61,77
105103,Dieter Wolk,1400,25.57,145
104025,Priska Leven,1399,25.36,118
101574,Michael Haag,1396,25.77,140
367940,Siegfried Brockmann,1396,20.13,67
368524,Kurt Ljokaj,1390,20.53,77
252901,Evi Leder,1386,32.21,159
368341,Dieter Krause,1384,23.54,71
368860,Wolfgang Krüger,1374,25.70,69
239637,Irina Killian,1372,25.04,133
368409,Lothar Hirsch,1367,20.05,63
100092,Charalampos Antonogiorgakis,1360,22.77,119
102935,Daniela Majer,1351,20.56,118
239646,Susanne Schweter,1350,31.89,148
369030,Daniel Cavalleri,1346,28.09,47
368551,Luca Wolk,1307,29.84,93
100325,Susi Harbrecht-Berndt,1302,31.06,111
368733,Matthis Meier,1301,21.44,60
