player,tbc2_games,elo_all,se_all,elo_14_1,se_14_1,elo_8,se_8,elo_9,se_9,elo_10,se_10
Matthias Ludersdorfer,8,1704,94,1642,132,1719,248,1676,158,1633,186
Hakan Toprak,39,1568,78,1547,118,1632,165,1516,180,1518,140
Alexander Fischer,83,1555,47,1548,75,1572,97,1515,100,1568,104
Partha Ghosh,19,1549,83,1504,121,1610,145,1578,227,1451,194
Simon Theodoropoulos,6,1548,60,1486,170,1527,300,1519,83,1576,95
Johannes Mai,2,1505,83,1494,156,1490,203,1490,125,1534,153
Adham Mohamed,2,1504,99,1469,213,1536,193,1443,168,1589,154
Mark Hast,40,1504,60,1466,132,1525,85,1499,183,1502,112
Dennis Göricke,6,1492,205,1511,248,1529,309,,,1433,270
Patrick Coklica,28,1486,75,1493,148,1507,169,1485,116,1510,139
Jonas Entenmann,8,1483,181,1488,245,1468,229,1498,301,,
Ulrich Märkle,22,1474,122,1485,272,1451,238,1519,183,1499,179
Dietmar Karoli,6,1456,88,1476,148,1422,141,1588,197,1377,195
Nikolaos Seristatidis,58,1454,69,1427,202,1487,135,1430,112,1507,115
Ali Deyhimi,5,1448,170,,,1358,216,1575,244,,
Goran Antunovic,8,1448,173,1489,305,1433,219,1476,301,1499,248
Bruno Steinbach,2,1425,81,1445,192,1380,141,1468,153,1454,132
Andreas Horn,8,1412,80,1454,173,1458,119,1395,212,1425,137
Thomas Schöpfer,2,1399,125,1447,189,1570,304,1404,192,1349,205
Thorgen Brett,16,1395,114,1429,254,,,1397,144,1432,177
Hannes Reißner,7,1385,130,,,1468,258,1490,162,1333,213
Rüdiger Theis,29,1383,75,1386,149,1329,146,1450,149,1408,118
Michael Maihöfer,8,1322,104,,,1383,159,1274,193,1392,155
