player,teams,tbc_games,elo_all,se_all,elo_14_1,se_14_1,elo_8,se_8,elo_9,se_9,elo_10,se_10
Matthias Ludersdorfer,"1(16), 2(8)",24,1704,94,1642,132,1719,248,1676,158,1633,186
Wadea Al Mahamid,1(92),92,1644,50,1581,71,1688,85,1661,154,1606,140
Roland Wacker,1(27),27,1587,54,1570,93,1595,101,1535,133,1604,104
Konrad Bau,1(84),84,1582,49,1568,95,1566,85,1603,99,1581,110
Hakan Toprak,"2(39), 1(2)",41,1568,78,1547,118,1632,165,1516,180,1518,140
Alexander Fischer,"2(83), 1(17)",100,1555,47,1548,75,1572,97,1515,100,1568,104
Partha Ghosh,"2(19), 1(4)",23,1549,83,1504,121,1610,145,1578,227,1451,194
Simon Theodoropoulos,"1(54), 2(6)",60,1548,60,1486,170,1527,300,1519,83,1576,95
Francesco Dragotta,3(24),24,1521,75,1505,150,1417,230,1531,107,1531,141
Uwe Cordes,1(12),12,1507,155,,,1495,212,1533,225,1482,247
Johannes Mai,"1(25), 2(2)",27,1505,83,1494,156,1490,203,1490,125,1534,153
Adham Mohamed,"1(10), 3(2), 2(2)",14,1504,99,1469,213,1536,193,1443,168,1589,154
Mark Hast,"2(40), 1(12)",52,1504,60,1466,132,1525,85,1499,183,1502,112
Peter Baur,3(26),26,1500,51,1499,71,1512,121,1494,96,1578,184
Dennis Göricke,2(6),6,1492,205,1511,248,1529,309,,,1433,270
Patrick Coklica,2(28),28,1486,75,1493,148,1507,169,1485,116,1510,139
Jonas Entenmann,2(8),8,1483,181,1488,245,1468,229,1498,301,,
Cornelius Ryan,"1(2), 3(2)",4,1476,56,1453,90,1537,84,1419,184,1439,136
Florian Bühler,1(4),4,1476,243,1477,276,1485,315,1487,305,,
Ulrich Märkle,2(22),22,1474,122,1485,272,1451,238,1519,183,1499,179
Kevin Minardi,3(23),23,1459,75,,,1387,192,1434,111,1522,108
Dietmar Karoli,"1(21), 2(6)",27,1456,88,1476,148,1422,141,1588,197,1377,195
Nikolaos Seristatidis,"2(58), 1(2)",60,1454,69,1427,202,1487,135,1430,112,1507,115
Ali Deyhimi,2(5),5,1448,170,,,1358,216,1575,244,,
Goran Antunovic,"2(8), 1(2)",10,1448,173,1489,305,1433,219,1476,301,1499,248
Minh Tien Vo,1(9),9,1439,149,,,1563,289,1399,208,1467,197
Bruno Steinbach,"1(40), 2(2)",42,1425,81,1445,192,1380,141,1468,153,1454,132
Thomas Dieckmann,1(4),4,1413,234,1481,295,,,1462,296,1398,281
Andreas Horn,"3(8), 2(8)",16,1412,80,1454,173,1458,119,1395,212,1425,137
Thomas Schöpfer,"1(18), 2(2)",20,1399,125,1447,189,1570,304,1404,192,1349,205
Thorgen Brett,"2(16), 1(2)",18,1395,114,1429,254,,,1397,144,1432,177
Hannes Reißner,"2(7), 1(2)",9,1385,130,,,1468,258,1490,162,1333,213
Rüdiger Theis,"2(29), 1(7), 3(2)",38,1383,75,1386,149,1329,146,1450,149,1408,118
Claudio Severino,3(2),2,1345,219,1371,263,,,,,1442,252
Michael Maihöfer,"3(8), 2(8)",16,1322,104,,,1383,159,1274,193,1392,155
Uwe Jansen,3(7),7,1301,152,1334,183,1392,218,,,1361,290
